windowID,windowStart,windowEnd,packetCount,avgPacketLength,stdPacketLength,uniqueSrcIPs,uniqueDstIPs,uniqueSrcPorts,uniqueDstPorts,tcpPacketCount,udpPacketCount,label
0,1770807429.809892,1770807434.809892,8,210.25,243.37258326630442,3,3,4,4,8,0,idle
1,1770807434.809892,1770807439.809892,58,60.775862068965516,5.16752037128629,3,3,2,2,2,54,idle
2,1770807439.809892,1770807444.809892,5,269.2,302.11868528775244,2,2,2,2,5,0,idle
4,1770807449.809892,1770807454.809892,53,79.73584905660377,104.0785854984655,2,2,2,2,5,48,idle
5,1770807454.809892,1770807459.809892,1,135.0,,1,1,1,1,1,0,idle
6,1770807459.809892,1770807464.809892,7,221.0,260.8128319951557,3,3,4,4,7,0,idle
7,1770807464.809892,1770807469.809892,48,60.0,0.0,2,2,0,0,0,48,idle
8,1770807469.809892,1770807474.809892,5,269.2,302.11868528775244,2,2,2,2,5,0,idle
10,1770807479.809892,1770807484.809892,57,78.35087719298245,100.42152074915982,2,2,2,2,5,52,idle
11,1770807484.809892,1770807489.809892,1,135.0,,1,1,1,1,1,0,idle
12,1770807489.809892,1770807494.809892,148,295.11486486486484,420.38203427777336,3,3,4,4,148,0,idle
13,1770807494.809892,1770807499.809892,426,136.20892018779344,68.96785962620194,7,7,4,4,331,63,alexa_wakeWord
14,1770807499.809892,1770807504.809892,5,269.2,302.11868528775244,2,2,2,2,5,0,idle
16,1770807509.809892,1770807514.809892,43,84.32558139534883,115.31338685145765,2,2,2,2,5,38,idle
17,1770807514.809892,1770807519.809892,1,135.0,,1,1,1,1,1,0,idle
18,1770807519.809892,1770807524.809892,7,221.0,260.8128319951557,3,3,4,4,7,0,idle
19,1770807524.809892,1770807529.809892,58,60.775862068965516,5.16752037128629,3,3,2,2,2,56,idle
20,1770807529.809892,1770807534.809892,5,269.2,302.11868528775244,2,2,2,2,5,0,idle
22,1770807539.809892,1770807544.809892,34,99.70588235294117,131.60375084729404,2,2,2,2,8,26,idle
23,1770807544.809892,1770807549.809892,1,135.0,,1,1,1,1,1,0,idle
24,1770807549.809892,1770807554.809892,223,311.72645739910314,432.2854637096774,3,3,4,4,223,0,alexa_shortResponse
25,1770807554.809892,1770807559.809892,66,95.83333333333333,126.1141831020095,3,3,2,2,16,48,idle
26,1770807559.809892,1770807564.809892,5,269.2,302.11868528775244,2,2,2,2,5,0,idle
28,1770807569.809892,1770807574.809892,53,79.73584905660377,104.0785854984655,2,2,2,2,5,48,idle
30,1770807579.809892,1770807584.809892,9,194.22222222222223,232.6766951038381,3,3,4,4,9,0,idle
31,1770807584.809892,1770807589.809892,48,60.0,0.0,2,2,0,0,0,48,idle
32,1770807589.809892,1770807594.809892,5,269.2,302.11868528775244,2,2,2,2,5,0,idle
34,1770807599.809892,1770807604.809892,61,77.14754098360656,97.12446242932722,2,2,2,2,5,56,idle
36,1770807609.809892,1770807614.809892,39,181.3846153846154,216.78665420476318,7,7,7,7,37,2,idle
37,1770807614.809892,1770807619.809892,68,79.69117647058823,121.29097336360519,4,4,3,3,9,57,idle
38,1770807619.809892,1770807624.809892,5,269.2,302.11868528775244,2,2,2,2,5,0,idle
40,1770807629.809892,1770807634.809892,63,76.60317460317461,95.5931465492098,2,2,2,2,5,58,idle
41,1770807634.809892,1770807639.809892,1,135.0,,1,1,1,1,1,0,idle
42,1770807639.809892,1770807644.809892,27,217.96296296296296,260.59022968305584,3,3,6,6,27,0,idle
43,1770807644.809892,1770807649.809892,46,60.0,0.0,2,2,0,0,0,44,idle
44,1770807649.809892,1770807654.809892,10,311.8,302.67907463553246,2,2,3,3,10,0,idle
46,1770807659.809892,1770807664.809892,44,117.22727272727273,174.83984214615194,2,2,3,3,10,34,idle
47,1770807664.809892,1770807669.809892,1,135.0,,1,1,1,1,1,0,idle
48,1770807669.809892,1770807674.809892,12,276.5833333333333,286.24924242323993,3,3,5,5,12,0,idle
49,1770807674.809892,1770807679.809892,59,60.0,0.0,2,2,0,0,0,59,idle
50,1770807679.809892,1770807684.809892,10,311.8,302.67907463553246,2,2,3,3,10,0,idle
52,1770807689.809892,1770807694.809892,814,328.16584766584765,483.4983379675912,5,5,12,12,750,64,alexa_longResponse
53,1770807694.809892,1770807699.809892,56,711.1785714285714,719.35069477823,2,2,2,2,54,0,alexa_longResponse
54,1770807699.809892,1770807704.809892,13,259.46153846153845,278.5320494379463,3,3,4,4,13,0,alexa_longResponse
55,1770807704.809892,1770807709.809892,72,91.90277777777777,137.66771177518245,4,4,3,3,16,56,alexa_longResponse
56,1770807709.809892,1770807714.809892,148,233.6418918918919,325.63791941305254,3,3,4,4,148,0,alexa_longResponse
58,1770807719.809892,1770807724.809892,66,97.96969696969697,143.97200258778625,2,2,2,2,10,56,idle
59,1770807724.809892,1770807729.809892,1,135.0,,1,1,1,1,1,0,idle
60,1770807729.809892,1770807734.809892,13,259.46153846153845,278.5320494379463,3,3,4,4,13,0,idle
61,1770807734.809892,1770807739.809892,23,60.0,0.0,2,2,0,0,0,21,idle
62,1770807739.809892,1770807744.809892,7,211.14285714285714,265.85988074637396,2,2,3,3,7,0,idle
64,1770807749.809892,1770807754.809892,63,76.60317460317461,95.5931465492098,2,2,2,2,5,58,idle
65,1770807754.809892,1770807759.809892,9,244.88888888888889,388.0352575618756,2,2,2,2,9,0,idle
66,1770807759.809892,1770807764.809892,8,201.625,247.60621818870843,3,3,4,4,8,0,idle
67,1770807764.809892,1770807769.809892,63,60.0,0.0,2,2,0,0,0,61,idle
68,1770807769.809892,1770807774.809892,5,269.2,302.11868528775244,2,2,2,2,5,0,idle
70,1770807779.809892,1770807784.809892,63,76.60317460317461,95.5931465492098,2,2,2,2,5,58,idle
71,1770807784.809892,1770807789.809892,1,135.0,,1,1,1,1,1,0,idle
72,1770807789.809892,1770807794.809892,7,221.0,260.8128319951557,3,3,4,4,7,0,idle
73,1770807794.809892,1770807799.809892,102,80.12745098039215,51.189740534724585,7,7,4,4,12,56,idle
74,1770807799.809892,1770807804.809892,5,269.2,302.11868528775244,2,2,2,2,5,0,idle
76,1770807809.809892,1770807814.809892,66,75.84848484848484,93.42611106344002,2,2,2,2,5,61,idle
77,1770807814.809892,1770807819.809892,1,135.0,,1,1,1,1,1,0,idle
78,1770807819.809892,1770807824.809892,174,278.08620689655174,406.84598005258846,3,3,4,4,174,0,alexa_requestToPhone
79,1770807824.809892,1770807829.809892,312,506.3076923076923,619.8040725106337,3,3,2,2,252,58,alexa_requestToPhone
80,1770807829.809892,1770807834.809892,5,269.2,302.11868528775244,2,2,2,2,5,0,alexa_requestToPhone
82,1770807839.809892,1770807844.809892,67,95.88059701492537,157.56581331910456,3,3,4,4,12,55,alexa_requestToPhone
83,1770807844.809892,1770807849.809892,1,135.0,,1,1,1,1,1,0,idle
84,1770807849.809892,1770807854.809892,11,168.1818181818182,215.170545466529,4,4,5,5,11,0,idle
85,1770807854.809892,1770807859.809892,59,60.0,0.0,2,2,0,0,0,59,idle
86,1770807859.809892,1770807864.809892,5,269.2,302.11868528775244,2,2,2,2,5,0,idle
88,1770807869.809892,1770807874.809892,46,82.73913043478261,111.5687002668179,2,2,2,2,5,41,idle
89,1770807874.809892,1770807879.809892,1,135.0,,1,1,1,1,1,0,idle
90,1770807879.809892,1770807884.809892,7,221.0,260.8128319951557,3,3,4,4,7,0,idle
91,1770807884.809892,1770807889.809892,27,61.666666666666664,7.54983443527075,3,3,2,2,2,21,idle
92,1770807889.809892,1770807894.809892,97,385.30927835051546,511.4771777416032,3,3,4,4,97,0,idle
93,1770807894.809892,1770807899.809892,371,155.7088948787062,62.94705112228546,2,2,2,2,371,0,alexa_wakeWord
94,1770807899.809892,1770807904.809892,89,105.29213483146067,98.54592863772979,3,3,4,4,37,52,idle
95,1770807904.809892,1770807909.809892,1,135.0,,1,1,1,1,1,0,idle
96,1770807909.809892,1770807914.809892,7,221.0,260.8128319951557,3,3,4,4,7,0,idle
97,1770807914.809892,1770807919.809892,51,60.0,0.0,2,2,0,0,0,49,idle
98,1770807919.809892,1770807924.809892,7,220.28571428571428,260.4398294460829,3,2,2,2,5,0,idle
100,1770807929.809892,1770807934.809892,65,76.0923076923077,94.13200888196239,2,2,2,2,5,60,idle
101,1770807934.809892,1770807939.809892,1,135.0,,1,1,1,1,1,0,idle
102,1770807939.809892,1770807944.809892,7,221.0,260.8128319951557,3,3,4,4,7,0,idle
103,1770807944.809892,1770807949.809892,59,60.0,0.0,2,2,0,0,0,55,idle
104,1770807949.809892,1770807954.809892,5,269.2,302.11868528775244,2,2,2,2,5,0,idle
106,1770807959.809892,1770807964.809892,63,76.60317460317461,95.5931465492098,2,2,2,2,5,58,idle
107,1770807964.809892,1770807969.809892,1,135.0,,1,1,1,1,1,0,idle
108,1770807969.809892,1770807974.809892,7,221.0,260.8128319951557,3,3,4,4,7,0,idle
109,1770807974.809892,1770807979.809892,63,60.714285714285715,4.959281202561813,3,3,2,2,2,59,idle
110,1770807979.809892,1770807984.809892,5,269.2,302.11868528775244,2,2,2,2,5,0,idle
112,1770807989.809892,1770807994.809892,67,75.61194029850746,92.73585087271961,2,2,2,2,5,62,idle
113,1770807994.809892,1770807999.809892,1,135.0,,1,1,1,1,1,0,idle
114,1770807999.809892,1770808004.809892,7,221.0,260.8128319951557,3,3,4,4,7,0,idle
115,1770808004.809892,1770808009.809892,59,60.0,0.0,2,2,0,0,0,57,idle
116,1770808009.809892,1770808014.809892,5,269.2,302.11868528775244,2,2,2,2,5,0,idle
117,1770808014.809892,1770808019.809892,184,257.625,384.4791319029583,3,3,4,4,184,0,alexa_continuousStream
118,1770808019.809892,1770808024.809892,373,306.4182305630027,470.2720865261704,3,3,4,4,313,60,alexa_continuousStream
120,1770808029.809892,1770808034.809892,221,222.85067873303169,289.4244922129416,5,5,5,5,219,2,alexa_continuousStream
121,1770808034.809892,1770808039.809892,1102,796.3466424682396,718.3063688876348,6,6,11,11,1041,59,alexa_continuousStream
122,1770808039.809892,1770808044.809892,130,1085.6,652.7102185942581,4,4,5,5,130,0,alexa_continuousStream
123,1770808044.809892,1770808049.809892,135,1184.3703703703704,605.2373993428486,2,2,2,2,135,0,alexa_continuousStream
124,1770808049.809892,1770808054.809892,194,879.0,725.1794132124479,3,3,4,4,138,56,alexa_continuousStream
125,1770808054.809892,1770808059.809892,176,1145.721590909091,637.6610445681467,3,2,2,3,176,0,alexa_continuousStream
126,1770808059.809892,1770808064.809892,130,1058.5384615384614,666.099710321689,4,4,5,5,130,0,alexa_continuousStream
127,1770808064.809892,1770808069.809892,211,893.1706161137441,717.1921435372275,4,4,3,3,155,54,alexa_continuousStream
128,1770808069.809892,1770808074.809892,155,981.8967741935484,695.8951086638373,3,3,4,4,155,0,alexa_continuousStream
129,1770808074.809892,1770808079.809892,178,1210.5056179775281,590.0460888557009,2,2,2,2,178,0,alexa_continuousStream
130,1770808079.809892,1770808084.809892,194,742.5876288659794,719.9092307864588,4,4,5,5,136,58,alexa_continuousStream
131,1770808084.809892,1770808089.809892,147,1108.3061224489795,661.4156425596032,3,3,3,3,145,0,alexa_continuousStream
132,1770808089.809892,1770808094.809892,121,1122.7685950413222,647.5174612874747,4,4,5,5,121,0,alexa_continuousStream
133,1770808094.809892,1770808099.809892,290,843.4,725.9981879165615,7,7,4,4,198,62,alexa_continuousStream
134,1770808099.809892,1770808104.809892,114,1155.561403508772,620.3581899248708,3,3,4,4,114,0,alexa_continuousStream
135,1770808104.809892,1770808109.809892,138,1159.695652173913,623.4260837330828,2,2,2,2,138,0,alexa_continuousStream
136,1770808109.809892,1770808114.809892,248,951.9758064516129,719.0276831450243,3,3,4,4,195,53,alexa_continuousStream
137,1770808114.809892,1770808119.809892,3,85.0,43.30127018922193,1,1,1,1,1,0,alexa_continuousStream
138,1770808119.809892,1770808124.809892,7,220.71428571428572,260.4583871342434,3,3,4,4,7,0,alexa_continuousStream
139,1770808124.809892,1770808129.809892,56,73.07142857142857,53.317865722427456,3,3,3,2,10,46,alexa_continuousStream
140,1770808129.809892,1770808134.809892,430,1052.4511627906977,684.8113116577458,3,3,6,5,430,0,alexa_continuousStream
141,1770808134.809892,1770808139.809892,116,1190.8275862068965,634.8991330482562,2,2,3,2,116,0,alexa_continuousStream
142,1770808139.809892,1770808144.809892,130,864.0307692307692,747.1904475683482,3,3,5,4,99,31,alexa_continuousStream
143,1770808144.809892,1770808149.809892,179,1232.2625698324023,591.2081548449383,3,2,2,3,179,0,alexa_continuousStream
144,1770808149.809892,1770808154.809892,191,1111.4293193717278,671.4544809426437,4,4,5,5,189,0,alexa_continuousStream
145,1770808154.809892,1770808159.809892,177,801.2598870056497,751.9002292872772,4,4,4,3,116,61,alexa_continuousStream
146,1770808159.809892,1770808164.809892,117,1182.5982905982905,665.7416406279679,3,3,4,4,117,0,alexa_continuousStream
147,1770808164.809892,1770808169.809892,193,1271.1813471502592,614.9209749907645,2,2,2,2,193,0,alexa_continuousStream
148,1770808169.809892,1770808174.809892,142,985.3239436619718,728.204072298416,3,3,4,4,117,25,alexa_continuousStream
149,1770808174.809892,1770808179.809892,112,1231.642857142857,637.7015577096206,3,3,3,3,112,0,alexa_continuousStream
150,1770808179.809892,1770808184.809892,170,1146.1764705882354,672.4227533378123,4,3,4,5,168,0,alexa_continuousStream
151,1770808184.809892,1770808189.809892,288,896.3472222222222,740.5503680761778,3,3,3,2,233,55,alexa_continuousStream
152,1770808189.809892,1770808194.809892,116,1134.0344827586207,651.1640804514365,3,3,4,4,116,0,alexa_continuousStream
153,1770808194.809892,1770808199.809892,139,1106.7194244604316,643.720346482095,2,2,2,2,139,0,alexa_continuousStream
154,1770808199.809892,1770808204.809892,217,907.0506912442396,746.1800449325476,3,3,4,4,159,58,alexa_continuousStream
155,1770808204.809892,1770808209.809892,9,141.33333333333334,185.2478070045635,3,3,4,3,9,0,alexa_continuousStream
156,1770808209.809892,1770808214.809892,101,354.56435643564356,561.6821239071363,4,4,6,7,99,0,alexa_continuousStream
157,1770808214.809892,1770808219.809892,56,60.0,0.0,2,2,0,0,0,56,idle
158,1770808219.809892,1770808224.809892,5,268.8,301.7394571480501,2,2,2,2,5,0,idle
160,1770808229.809892,1770808234.809892,63,76.57142857142857,95.4508342087804,2,2,2,2,5,58,idle
162,1770808239.809892,1770808244.809892,9,194.0,232.34995158166052,3,3,4,4,9,0,idle
163,1770808244.809892,1770808249.809892,52,61.96153846153846,7.92356014868722,3,3,2,2,4,46,idle
164,1770808249.809892,1770808254.809892,5,268.8,301.7394571480501,2,2,2,2,5,0,idle
166,1770808259.809892,1770808264.809892,59,77.69491525423729,98.58485828992416,2,2,2,2,5,54,idle
167,1770808264.809892,1770808269.809892,1,135.0,,1,1,1,1,1,0,idle
168,1770808269.809892,1770808274.809892,8,210.0,243.03438910103705,3,3,4,4,8,0,idle
169,1770808274.809892,1770808279.809892,40,60.0,0.0,2,2,0,0,0,38,idle
170,1770808279.809892,1770808284.809892,6,237.0,280.8999822000706,2,2,2,2,6,0,idle
172,1770808289.809892,1770808294.809892,64,76.3125,94.71291207795126,2,2,2,2,5,59,idle
173,1770808294.809892,1770808299.809892,1,135.0,,1,1,1,1,1,0,idle
174,1770808299.809892,1770808304.809892,14,230.5,294.72118505984076,3,3,4,4,14,0,idle
175,1770808304.809892,1770808309.809892,57,60.0,0.0,2,2,0,0,0,55,idle
176,1770808309.809892,1770808314.809892,5,268.8,301.7394571480501,2,2,2,2,5,0,idle
178,1770808319.809892,1770808324.809892,57,78.3157894736842,100.27215784602302,2,2,2,2,5,52,idle
179,1770808324.809892,1770808329.809892,1,135.0,,1,1,1,1,1,0,idle
180,1770808329.809892,1770808334.809892,7,220.71428571428572,260.4583871342434,3,3,4,4,7,0,idle
181,1770808334.809892,1770808339.809892,58,60.775862068965516,5.16752037128629,3,3,2,2,2,54,idle
182,1770808339.809892,1770808344.809892,5,268.8,301.7394571480501,2,2,2,2,5,0,idle
184,1770808349.809892,1770808354.809892,63,76.57142857142857,95.4508342087804,2,2,2,2,5,58,idle
185,1770808354.809892,1770808359.809892,1,135.0,,1,1,1,1,1,0,idle
186,1770808359.809892,1770808364.809892,7,220.71428571428572,260.4583871342434,3,3,4,4,7,0,idle
187,1770808364.809892,1770808369.809892,58,60.0,0.0,2,2,0,0,0,56,idle
188,1770808369.809892,1770808374.809892,5,268.8,301.7394571480501,2,2,2,2,5,0,idle
190,1770808379.809892,1770808384.809892,55,78.98181818181818,102.04909691819027,2,2,2,2,5,50,idle
191,1770808384.809892,1770808389.809892,1,135.0,,1,1,1,1,1,0,idle
192,1770808389.809892,1770808394.809892,7,220.71428571428572,260.4583871342434,3,3,4,4,7,0,idle
193,1770808394.809892,1770808399.809892,76,86.5,57.860637166672596,6,6,2,2,11,33,idle
194,1770808399.809892,1770808404.809892,45,404.4,547.3791024675511,5,5,5,5,43,2,idle
196,1770808409.809892,1770808414.809892,386,201.7901554404145,296.77202760766596,3,3,4,4,326,60,alexa_command
197,1770808414.809892,1770808419.809892,1,135.0,,1,1,1,1,1,0,idle
198,1770808419.809892,1770808424.809892,8,201.375,247.26384837716517,3,3,4,4,8,0,idle
199,1770808424.809892,1770808429.809892,58,60.775862068965516,5.16752037128629,3,3,2,2,2,54,idle
200,1770808429.809892,1770808434.809892,5,268.8,301.7394571480501,2,2,2,2,5,0,idle
202,1770808439.809892,1770808444.809892,64,76.3125,94.71291207795126,2,2,2,2,5,59,idle
203,1770808444.809892,1770808449.809892,1,135.0,,1,1,1,1,1,0,idle
204,1770808449.809892,1770808454.809892,7,220.71428571428572,260.4583871342434,3,3,4,4,7,0,idle
205,1770808454.809892,1770808459.809892,61,60.0,0.0,2,2,0,0,0,59,idle
206,1770808459.809892,1770808464.809892,5,268.8,301.7394571480501,2,2,2,2,5,0,idle
208,1770808469.809892,1770808474.809892,26,100.15384615384616,147.00386180170707,2,2,2,2,5,21,idle
209,1770808474.809892,1770808479.809892,8,231.125,334.2015805297327,2,2,2,2,8,0,idle
210,1770808479.809892,1770808484.809892,9,185.0,236.4344518043003,3,3,4,4,7,0,idle
211,1770808484.809892,1770808489.809892,55,60.0,0.0,2,2,0,0,0,55,idle
212,1770808489.809892,1770808494.809892,5,268.8,301.7394571480501,2,2,2,2,5,0,idle
214,1770808499.809892,1770808504.809892,53,79.69811320754717,103.92389687904034,2,2,2,2,5,48,idle
215,1770808504.809892,1770808509.809892,1,135.0,,1,1,1,1,1,0,idle
216,1770808509.809892,1770808514.809892,7,220.71428571428572,260.4583871342434,3,3,4,4,7,0,idle
217,1770808514.809892,1770808519.809892,62,60.725806451612904,4.998915799954992,3,3,2,2,2,60,idle
218,1770808519.809892,1770808524.809892,7,220.0,260.0839608024045,3,2,2,2,5,0,idle
220,1770808529.809892,1770808534.809892,57,78.3157894736842,100.27215784602302,2,2,2,2,5,52,idle
221,1770808534.809892,1770808539.809892,1,135.0,,1,1,1,1,1,0,idle
222,1770808539.809892,1770808544.809892,7,220.71428571428572,260.4583871342434,3,3,4,4,7,0,idle
223,1770808544.809892,1770808549.809892,52,60.0,0.0,2,2,0,0,0,50,idle
224,1770808549.809892,1770808554.809892,5,268.8,301.7394571480501,2,2,2,2,5,0,idle
226,1770808559.809892,1770808564.809892,55,78.98181818181818,102.04909691819027,2,2,2,2,5,50,idle
227,1770808564.809892,1770808569.809892,1,135.0,,1,1,1,1,1,0,idle
228,1770808569.809892,1770808574.809892,7,220.71428571428572,260.4583871342434,3,3,4,4,7,0,idle
229,1770808574.809892,1770808579.809892,60,60.0,0.0,2,2,0,0,0,60,idle
230,1770808579.809892,1770808584.809892,5,268.8,301.7394571480501,2,2,2,2,5,0,idle
232,1770808589.809892,1770808594.809892,65,76.06153846153846,93.99183424024751,2,2,2,2,5,60,idle
234,1770808599.809892,1770808604.809892,8,210.0,243.03438910103705,3,3,4,4,8,0,idle
235,1770808604.809892,1770808609.809892,59,60.76271186440678,5.123774817560165,3,3,2,2,2,55,idle
236,1770808609.809892,1770808614.809892,5,268.8,301.7394571480501,2,2,2,2,5,0,idle
238,1770808619.809892,1770808624.809892,66,75.81818181818181,93.28696983640724,2,2,2,2,5,61,idle
240,1770808629.809892,1770808634.809892,8,210.0,243.03438910103705,3,3,4,4,8,0,idle
241,1770808634.809892,1770808639.809892,19,60.0,0.0,2,2,0,0,0,19,idle
242,1770808639.809892,1770808644.809892,9,183.0,236.68174834574802,3,3,4,4,9,0,idle
244,1770808649.809892,1770808654.809892,65,76.06153846153846,93.99183424024751,2,2,2,2,5,60,idle
246,1770808659.809892,1770808664.809892,8,210.0,243.03438910103705,3,3,4,4,8,0,idle
247,1770808664.809892,1770808669.809892,53,60.0,0.0,2,2,0,0,0,51,idle
248,1770808669.809892,1770808674.809892,5,268.8,301.7394571480501,2,2,2,2,5,0,idle
250,1770808679.809892,1770808684.809892,16,125.25,185.12212185473675,2,2,2,2,5,11,idle
251,1770808684.809892,1770808689.809892,1,135.0,,1,1,1,1,1,0,idle
252,1770808689.809892,1770808694.809892,7,220.71428571428572,260.4583871342434,3,3,4,4,7,0,idle
253,1770808694.809892,1770808699.809892,90,82.81111111111112,53.9610542963537,7,7,4,4,12,46,idle
254,1770808699.809892,1770808704.809892,5,268.8,301.7394571480501,2,2,2,2,5,0,idle
256,1770808709.809892,1770808714.809892,59,77.69491525423729,98.58485828992416,2,2,2,2,5,54,idle
257,1770808714.809892,1770808719.809892,1,135.0,,1,1,1,1,1,0,idle
258,1770808719.809892,1770808724.809892,7,220.71428571428572,260.4583871342434,3,3,4,4,7,0,idle
259,1770808724.809892,1770808729.809892,33,60.0,0.0,2,2,0,0,0,31,idle
260,1770808729.809892,1770808734.809892,5,268.8,301.7394571480501,2,2,2,2,5,0,idle
261,1770808734.809892,1770808739.809892,324,209.4969135802469,301.4810038063411,3,3,4,4,324,0,alexa_shortResponse
262,1770808739.809892,1770808744.809892,268,210.5410447761194,333.91702387473634,3,3,4,4,208,60,alexa_shortResponse
263,1770808744.809892,1770808749.809892,1,135.0,,1,1,1,1,1,0,idle
264,1770808749.809892,1770808754.809892,8,201.375,247.26384837716517,3,3,4,4,8,0,idle
265,1770808754.809892,1770808759.809892,56,60.0,0.0,2,2,0,0,0,56,idle
266,1770808759.809892,1770808764.809892,5,268.8,301.7394571480501,2,2,2,2,5,0,idle
268,1770808769.809892,1770808774.809892,59,77.69491525423729,98.58485828992416,2,2,2,2,5,54,idle
269,1770808774.809892,1770808779.809892,1,135.0,,1,1,1,1,1,0,idle
270,1770808779.809892,1770808784.809892,7,220.71428571428572,260.4583871342434,3,3,4,4,7,0,idle
271,1770808784.809892,1770808789.809892,62,84.25806451612904,116.10875843947528,3,3,4,4,7,51,idle
272,1770808789.809892,1770808794.809892,5,268.8,301.7394571480501,2,2,2,2,5,0,idle
273,1770808794.809892,1770808799.809892,5,351.8,328.4611088089425,2,2,2,2,5,0,idle
274,1770808799.809892,1770808804.809892,59,77.69491525423729,98.58485828992416,2,2,2,2,5,54,idle
275,1770808804.809892,1770808809.809892,393,227.81424936386767,311.98823172551425,3,3,4,4,393,0,alexa_continuousStream
276,1770808809.809892,1770808814.809892,540,798.3611111111111,696.6503404255893,6,6,7,7,536,4,alexa_continuousStream
277,1770808814.809892,1770808819.809892,679,909.2665684830633,705.4407780765947,3,3,4,4,668,11,alexa_continuousStream
278,1770808819.809892,1770808824.809892,23,241.52173913043478,275.72233555537474,2,2,4,4,23,0,alexa_continuousStream
279,1770808824.809892,1770808829.809892,424,837.9481132075472,719.2092368562926,3,3,4,4,424,0,alexa_continuousStream
280,1770808829.809892,1770808834.809892,65,98.70769230769231,145.74289466781514,2,2,3,3,10,53,alexa_continuousStream
281,1770808834.809892,1770808839.809892,623,879.6035313001605,712.7880532092264,3,2,2,3,623,0,alexa_continuousStream
282,1770808839.809892,1770808844.809892,13,260.2307692307692,280.07563081132025,3,3,5,5,13,0,alexa_continuousStream
283,1770808844.809892,1770808849.809892,509,771.1591355599214,722.3867294121253,3,3,2,2,451,58,alexa_continuousStream
284,1770808849.809892,1770808854.809892,10,311.6,302.5422651832669,2,2,3,3,10,0,alexa_continuousStream
285,1770808854.809892,1770808859.809892,440,903.7181818181818,710.3110150949733,2,2,2,2,440,0,alexa_continuousStream
286,1770808859.809892,1770808864.809892,35,131.88571428571427,193.72111115612316,2,2,3,3,10,25,alexa_continuousStream
287,1770808864.809892,1770808869.809892,497,851.82092555332,716.0046335090294,3,2,2,3,497,0,alexa_continuousStream
288,1770808869.809892,1770808874.809892,7,220.71428571428572,260.4583871342434,3,3,4,4,7,0,alexa_continuousStream
289,1770808874.809892,1770808879.809892,426,856.1150234741784,719.5761258241669,4,4,3,3,383,43,alexa_continuousStream
290,1770808879.809892,1770808884.809892,7,209.14285714285714,266.60484402415284,2,2,2,2,5,0,alexa_continuousStream
291,1770808884.809892,1770808889.809892,467,881.7858672376874,714.655696967121,2,2,2,2,467,0,alexa_continuousStream
292,1770808889.809892,1770808894.809892,61,77.11475409836065,96.97991172757652,2,2,2,2,5,56,alexa_continuousStream
293,1770808894.809892,1770808899.809892,495,880.8585858585859,712.732158499341,3,2,2,3,495,0,alexa_continuousStream
294,1770808899.809892,1770808904.809892,7,220.71428571428572,260.4583871342434,3,3,4,4,7,0,alexa_continuousStream
295,1770808904.809892,1770808909.809892,435,897.4896551724138,713.5602382437065,3,3,2,2,420,15,alexa_continuousStream
296,1770808909.809892,1770808914.809892,5,268.8,301.7394571480501,2,2,2,2,5,0,alexa_continuousStream
297,1770808914.809892,1770808919.809892,550,920.5145454545454,708.0330503122667,2,2,2,2,550,0,alexa_continuousStream
298,1770808919.809892,1770808924.809892,44,84.54545454545455,113.72108976758939,2,2,3,3,9,33,alexa_continuousStream
299,1770808924.809892,1770808929.809892,425,868.9576470588236,716.4755016247329,3,2,2,3,425,0,alexa_continuousStream
300,1770808929.809892,1770808934.809892,7,220.71428571428572,260.4583871342434,3,3,4,4,7,0,alexa_continuousStream
301,1770808934.809892,1770808939.809892,434,840.2027649769585,721.3452760573529,4,4,3,3,388,46,alexa_continuousStream
302,1770808939.809892,1770808944.809892,5,268.8,301.7394571480501,2,2,2,2,5,0,alexa_continuousStream
303,1770808944.809892,1770808949.809892,490,867.4857142857143,716.920488271236,2,2,2,2,490,0,alexa_continuousStream
304,1770808949.809892,1770808954.809892,65,76.06153846153846,93.99183424024751,2,2,2,2,5,60,alexa_continuousStream
305,1770808954.809892,1770808959.809892,447,939.1789709172259,705.2420277276291,3,2,2,3,447,0,alexa_continuousStream
306,1770808959.809892,1770808964.809892,7,220.71428571428572,260.4583871342434,3,3,4,4,7,0,alexa_continuousStream
307,1770808964.809892,1770808969.809892,471,778.7855626326964,721.3173016526496,4,4,3,3,416,55,alexa_continuousStream
308,1770808969.809892,1770808974.809892,7,209.14285714285714,266.60484402415284,2,2,2,2,5,0,alexa_continuousStream
309,1770808974.809892,1770808979.809892,486,929.2139917695473,705.9822253900685,2,2,2,2,486,0,alexa_continuousStream
310,1770808979.809892,1770808984.809892,61,77.11475409836065,96.97991172757652,2,2,2,2,5,56,alexa_continuousStream
311,1770808984.809892,1770808989.809892,421,909.9073634204276,711.0771162170497,3,2,2,3,421,0,alexa_continuousStream
312,1770808989.809892,1770808994.809892,7,220.71428571428572,260.4583871342434,3,3,4,4,7,0,alexa_continuousStream
313,1770808994.809892,1770808999.809892,519,741.0809248554913,717.4839841904479,7,7,4,4,429,60,alexa_continuousStream
314,1770808999.809892,1770809004.809892,5,268.8,301.7394571480501,2,2,2,2,5,0,alexa_continuousStream
315,1770809004.809892,1770809009.809892,411,914.69099756691,710.3127819397952,2,2,2,2,411,0,alexa_continuousStream
316,1770809009.809892,1770809014.809892,64,76.59375,94.69042605097037,2,2,2,2,6,58,alexa_continuousStream
317,1770809014.809892,1770809019.809892,399,939.1954887218045,706.1974910473039,3,2,2,3,399,0,alexa_continuousStream
318,1770809019.809892,1770809024.809892,9,185.0,236.4344518043003,3,3,4,4,7,0,alexa_continuousStream
319,1770809024.809892,1770809029.809892,429,844.060606060606,720.2706338855901,3,3,2,2,396,33,alexa_continuousStream
320,1770809029.809892,1770809034.809892,12,495.0833333333333,557.6025724365687,3,3,4,4,12,0,alexa_continuousStream
321,1770809034.809892,1770809039.809892,458,845.1746724890829,701.9270318517471,5,5,5,5,454,4,alexa_continuousStream
322,1770809039.809892,1770809044.809892,54,104.57407407407408,186.13452244879159,4,4,5,5,15,39,alexa_continuousStream
323,1770809044.809892,1770809049.809892,545,828.0330275229358,719.3056897993827,3,3,3,3,545,0,alexa_continuousStream
324,1770809049.809892,1770809054.809892,8,201.375,247.26384837716517,3,3,4,4,8,0,alexa_continuousStream
325,1770809054.809892,1770809059.809892,224,421.38839285714283,553.3320073499668,4,4,5,5,213,11,idle
326,1770809059.809892,1770809064.809892,5,268.8,301.7394571480501,2,2,2,2,5,0,idle
328,1770809069.809892,1770809074.809892,26,100.15384615384616,147.00386180170707,2,2,2,2,5,21,idle
329,1770809074.809892,1770809079.809892,589,887.1290322580645,714.8969767763698,5,4,3,4,587,2,idle
330,1770809079.809892,1770809084.809892,151,770.6953642384105,679.5833330639933,4,4,5,5,149,0,idle
331,1770809084.809892,1770809089.809892,35,60.0,0.0,2,2,0,0,0,35,idle
332,1770809089.809892,1770809094.809892,5,268.8,301.7394571480501,2,2,2,2,5,0,idle
334,1770809099.809892,1770809104.809892,51,80.47058823529412,105.9058738580966,2,2,2,2,5,46,idle
335,1770809104.809892,1770809109.809892,8,227.125,323.04685087018396,2,2,2,2,8,0,idle
336,1770809109.809892,1770809114.809892,8,201.375,247.26384837716517,3,3,4,4,8,0,idle
337,1770809114.809892,1770809119.809892,28,65.42857142857143,10.101076478858381,4,4,3,3,14,14,idle
338,1770809119.809892,1770809124.809892,7,220.0,260.0839608024045,3,2,2,2,5,0,idle
340,1770809129.809892,1770809134.809892,62,140.41935483870967,232.42199808327,5,5,5,5,29,33,idle
341,1770809134.809892,1770809139.809892,3,85.0,43.30127018922193,1,1,1,1,1,0,idle
342,1770809139.809892,1770809144.809892,7,220.71428571428572,260.4583871342434,3,3,4,4,7,0,idle
343,1770809144.809892,1770809149.809892,175,247.30285714285714,403.9137764237477,4,4,5,5,130,45,idle
344,1770809149.809892,1770809154.809892,388,154.58505154639175,74.3292172757403,3,3,4,4,388,0,alexa_wakeWord
346,1770809159.809892,1770809164.809892,59,77.69491525423729,98.58485828992416,2,2,2,2,5,54,idle
347,1770809164.809892,1770809169.809892,1,135.0,,1,1,1,1,1,0,idle
348,1770809169.809892,1770809174.809892,7,220.71428571428572,260.4583871342434,3,3,4,4,7,0,idle
349,1770809174.809892,1770809179.809892,54,60.0,0.0,2,2,0,0,0,54,idle
350,1770809179.809892,1770809184.809892,5,268.8,301.7394571480501,2,2,2,2,5,0,idle
352,1770809189.809892,1770809194.809892,61,77.11475409836065,96.97991172757652,2,2,2,2,5,56,idle
353,1770809194.809892,1770809199.809892,1,135.0,,1,1,1,1,1,0,idle
354,1770809199.809892,1770809204.809892,7,220.71428571428572,260.4583871342434,3,3,4,4,7,0,idle
355,1770809204.809892,1770809209.809892,58,60.0,0.0,2,2,0,0,0,54,idle
356,1770809209.809892,1770809214.809892,5,268.8,301.7394571480501,2,2,2,2,5,0,idle
358,1770809219.809892,1770809224.809892,76,107.01315789473684,144.93662922542416,4,4,4,4,22,54,idle
360,1770809229.809892,1770809234.809892,8,210.0,243.03438910103705,3,3,4,4,8,0,idle
361,1770809234.809892,1770809239.809892,58,60.775862068965516,5.167520371286291,3,3,2,2,2,56,idle
362,1770809239.809892,1770809244.809892,7,266.85714285714283,271.1349163371307,3,3,4,4,7,0,idle
363,1770809244.809892,1770809249.809892,6,358.0,568.2270672891252,2,2,2,2,6,0,idle
364,1770809249.809892,1770809254.809892,382,302.89005235602093,441.1874914114746,3,3,4,4,325,57,alexa_mediumResponse
365,1770809254.809892,1770809259.809892,11,193.36363636363637,313.8637515634046,2,2,2,2,9,0,alexa_mediumResponse
366,1770809259.809892,1770809264.809892,8,201.375,247.26384837716517,3,3,4,4,8,0,idle
367,1770809264.809892,1770809269.809892,58,60.0,0.0,2,2,0,0,0,58,idle
368,1770809269.809892,1770809274.809892,5,268.8,301.7394571480501,2,2,2,2,5,0,idle
370,1770809279.809892,1770809284.809892,55,78.98181818181818,102.04909691819027,2,2,2,2,5,50,idle
371,1770809284.809892,1770809289.809892,1,135.0,,1,1,1,1,1,0,idle
372,1770809289.809892,1770809294.809892,7,220.71428571428572,260.4583871342434,3,3,4,4,7,0,idle
373,1770809294.809892,1770809299.809892,87,74.50574712643679,20.030136343402944,5,5,0,0,0,57,idle
374,1770809299.809892,1770809304.809892,17,165.2941176470588,200.8282116343102,3,3,4,4,15,0,idle
376,1770809309.809892,1770809314.809892,64,137.875,310.28305050158866,3,3,4,4,14,50,idle
377,1770809314.809892,1770809319.809892,9,220.44444444444446,314.25471798809605,2,2,2,2,9,0,idle
378,1770809319.809892,1770809324.809892,10,171.3,226.1921749309644,4,3,4,5,10,0,idle
379,1770809324.809892,1770809329.809892,58,60.775862068965516,5.16752037128629,3,3,2,2,2,56,idle
380,1770809329.809892,1770809334.809892,5,268.8,301.7394571480501,2,2,2,2,5,0,idle
382,1770809339.809892,1770809344.809892,53,79.69811320754717,103.92389687904034,2,2,2,2,5,48,idle
383,1770809344.809892,1770809349.809892,1,135.0,,1,1,1,1,1,0,idle
384,1770809349.809892,1770809354.809892,7,220.71428571428572,260.4583871342434,3,3,4,4,7,0,idle
385,1770809354.809892,1770809359.809892,154,251.3116883116883,436.27903045128147,3,3,4,4,102,50,idle
386,1770809359.809892,1770809364.809892,202,244.72277227722773,329.9004106868931,3,3,4,4,202,0,alexa_shortResponse
388,1770809369.809892,1770809374.809892,62,76.83870967741936,96.20626637652593,2,2,2,2,5,57,idle
389,1770809374.809892,1770809379.809892,1,135.0,,1,1,1,1,1,0,idle
390,1770809379.809892,1770809384.809892,7,220.71428571428572,260.4583871342434,3,3,4,4,7,0,idle
391,1770809384.809892,1770809389.809892,11,60.0,0.0,2,2,0,0,0,11,idle
392,1770809389.809892,1770809394.809892,5,268.8,301.7394571480501,2,2,2,2,5,0,idle
394,1770809399.809892,1770809404.809892,63,76.57142857142857,95.4508342087804,2,2,2,2,5,58,idle
396,1770809409.809892,1770809414.809892,8,210.0,243.03438910103705,3,3,4,4,8,0,idle
397,1770809414.809892,1770809419.809892,55,60.81818181818182,5.305800142439889,3,3,2,2,2,49,idle
398,1770809419.809892,1770809424.809892,5,268.8,301.7394571480501,2,2,2,2,5,0,idle
399,1770809424.809892,1770809429.809892,7,244.85714285714286,358.53285696545237,2,2,2,2,7,0,idle
400,1770809429.809892,1770809434.809892,57,78.3157894736842,100.27215784602302,2,2,2,2,5,52,idle
402,1770809439.809892,1770809444.809892,278,229.05755395683454,327.0442129945141,3,3,4,4,278,0,alexa_longResponse
403,1770809444.809892,1770809449.809892,243,453.12757201646093,592.9199318977235,3,3,2,2,187,56,alexa_longResponse
404,1770809449.809892,1770809454.809892,5,268.8,301.7394571480501,2,2,2,2,5,0,alexa_longResponse
405,1770809454.809892,1770809459.809892,6,240.0,299.5716942569842,2,2,2,2,6,0,alexa_longResponse
406,1770809459.809892,1770809464.809892,67,76.5223880597015,92.60675382938781,3,3,4,4,9,56,idle
407,1770809464.809892,1770809469.809892,1,135.0,,1,1,1,1,1,0,idle
408,1770809469.809892,1770809474.809892,7,220.71428571428572,260.4583871342434,3,3,4,4,7,0,idle
409,1770809474.809892,1770809479.809892,58,60.0,0.0,2,2,0,0,0,58,idle
410,1770809479.809892,1770809484.809892,5,268.8,301.7394571480501,2,2,2,2,5,0,idle
411,1770809484.809892,1770809489.809892,4,75.75,19.5,2,2,2,2,4,0,idle
412,1770809489.809892,1770809494.809892,59,77.69491525423729,98.58485828992416,2,2,2,2,5,54,idle
414,1770809499.809892,1770809504.809892,8,210.0,243.03438910103705,3,3,4,4,8,0,idle
415,1770809504.809892,1770809509.809892,63,60.714285714285715,4.959281202561813,3,3,2,2,2,59,idle
416,1770809509.809892,1770809514.809892,12,254.83333333333334,321.52105355448793,3,3,4,4,12,0,idle
418,1770809519.809892,1770809524.809892,62,76.83870967741936,96.20626637652593,2,2,2,2,5,57,idle
420,1770809529.809892,1770809534.809892,8,210.0,243.03438910103705,3,3,4,4,8,0,idle
421,1770809534.809892,1770809539.809892,56,60.0,0.0,2,2,0,0,0,56,idle
422,1770809539.809892,1770809544.809892,5,268.8,301.7394571480501,2,2,2,2,5,0,idle
424,1770809549.809892,1770809554.809892,26,100.15384615384616,147.00386180170707,2,2,2,2,5,21,idle
426,1770809559.809892,1770809564.809892,8,210.0,243.03438910103705,3,3,4,4,8,0,idle
19954,1770907199.809892,1770907204.809892,210,78.21904761904761,99.97616758614541,2,2,3,3,20,190,idle
19955,1770907204.809892,1770907209.809892,241,60.64730290456431,6.826730777761285,3,3,2,2,3,238,idle
19956,1770907209.809892,1770907214.809892,245,64.44081632653061,48.5973921514421,3,3,4,4,7,236,idle
19957,1770907214.809892,1770907219.809892,229,60.0,0.0,2,2,0,0,0,229,idle
19958,1770907219.809892,1770907224.809892,219,64.76255707762557,51.33822247613705,2,2,2,2,5,214,idle
19959,1770907224.809892,1770907229.809892,157,60.0,0.0,2,2,0,0,0,157,idle
19960,1770907229.809892,1770907234.809892,639,146.29107981220656,229.5202228445245,3,3,4,4,394,245,alexa_wakeWord
19961,1770907234.809892,1770907239.809892,357,111.61624649859944,182.20144446332836,3,3,2,2,134,223,alexa_wakeWord
19962,1770907239.809892,1770907244.809892,228,64.57456140350877,50.318795695518325,2,2,2,2,5,223,idle
19963,1770907244.809892,1770907249.809892,208,60.0,0.0,2,2,0,0,0,208,idle
19964,1770907249.809892,1770907254.809892,223,64.68161434977578,50.941867355196045,2,2,2,2,5,218,idle
19965,1770907254.809892,1770907259.809892,225,60.0,0.0,2,2,0,0,0,225,idle
19966,1770907259.809892,1770907264.809892,234,64.51282051282051,49.73321363828886,2,2,3,3,7,227,idle
19967,1770907264.809892,1770907269.809892,247,60.63157894736842,6.743703381797631,3,3,2,2,3,244,idle
19968,1770907269.809892,1770907274.809892,501,155.28343313373253,263.596091596575,3,3,4,4,251,248,alexa_command
19969,1770907274.809892,1770907279.809892,225,60.0,0.0,2,2,0,0,0,225,idle
19970,1770907279.809892,1770907284.809892,238,64.38655462184875,49.316614097624,2,2,2,2,5,233,idle
19971,1770907284.809892,1770907289.809892,235,60.0,0.0,2,2,0,0,0,235,idle
19972,1770907289.809892,1770907294.809892,309,106.10355987055016,213.58713272692003,7,7,7,7,70,239,idle
19973,1770907294.809892,1770907299.809892,190,60.82105263157895,7.683527281053719,3,3,2,2,3,187,idle
19974,1770907299.809892,1770907304.809892,147,67.40816326530613,62.72813215010995,3,3,4,4,7,140,idle
19975,1770907304.809892,1770907309.809892,190,60.0,0.0,2,2,0,0,0,190,idle
19976,1770907309.809892,1770907314.809892,515,155.48543689320388,254.40130619348403,3,3,4,4,315,200,alexa_longResponse
19977,1770907314.809892,1770907319.809892,418,304.7870813397129,484.6985368074754,3,3,2,2,190,226,alexa_longResponse
19978,1770907319.809892,1770907324.809892,232,64.5,49.94785159331559,2,2,2,2,5,227,alexa_longResponse
19979,1770907324.809892,1770907329.809892,238,65.24369747899159,52.28653066731956,3,3,2,2,11,227,alexa_longResponse
19980,1770907329.809892,1770907334.809892,192,65.4375,54.88289532224845,2,2,2,2,5,187,idle
19981,1770907334.809892,1770907339.809892,221,60.0,0.0,2,2,0,0,0,221,idle
19982,1770907339.809892,1770907344.809892,238,70.76470588235294,93.14583691568428,3,3,4,4,12,226,idle
19983,1770907344.809892,1770907349.809892,212,60.0,0.0,2,2,0,0,0,212,idle
19984,1770907349.809892,1770907354.809892,246,64.2439024390244,48.51102823716662,2,2,2,2,5,241,idle
19985,1770907354.809892,1770907359.809892,219,67.37899543378995,62.732267254974296,3,3,4,4,8,211,idle
19986,1770907359.809892,1770907364.809892,243,64.29629629629629,48.808474854587026,2,2,2,2,5,236,idle
19987,1770907364.809892,1770907369.809892,238,66.1344537815126,59.87277994541734,2,2,2,2,5,233,idle
19988,1770907369.809892,1770907374.809892,239,64.36820083682008,49.21371667466586,2,2,2,2,5,234,idle
19989,1770907374.809892,1770907379.809892,195,67.48717948717949,66.09937527773461,2,2,2,2,5,190,idle
19990,1770907379.809892,1770907384.809892,237,64.40506329113924,49.42015962787132,2,2,2,2,5,232,idle
19991,1770907384.809892,1770907389.809892,189,68.55026455026454,67.47776515136863,3,3,4,4,8,181,idle
19992,1770907389.809892,1770907394.809892,528,182.80113636363637,316.02875028136106,4,4,5,5,280,248,alexa_shortResponse
19993,1770907394.809892,1770907399.809892,206,72.3883495145631,84.68348334479958,3,3,4,4,13,193,idle
19994,1770907399.809892,1770907404.809892,271,86.380073800738,149.15994215008513,4,4,4,4,41,230,idle
19995,1770907404.809892,1770907409.809892,182,60.0,0.0,2,2,0,0,0,180,idle
19996,1770907409.809892,1770907414.809892,182,65.73626373626374,56.36333104524338,2,2,2,2,5,177,idle
19997,1770907414.809892,1770907419.809892,280,67.75,32.73267962468375,7,7,4,4,14,236,idle
19998,1770907419.809892,1770907424.809892,439,184.30296127562642,261.6717536056317,3,3,4,4,355,84,alexa_wakeWord
19999,1770907424.809892,1770907429.809892,196,117.41326530612245,68.52704970358761,3,3,2,2,135,61,alexa_wakeWord
20000,1770907429.809892,1770907434.809892,5,268.8,301.2502282156812,2,2,2,2,5,0,idle
20002,1770907439.809892,1770907444.809892,79,108.37974683544304,172.16690648064332,2,2,4,4,21,58,idle
20003,1770907444.809892,1770907449.809892,3,112.0,39.83716857408418,2,2,2,2,3,0,idle
20004,1770907449.809892,1770907454.809892,7,209.14285714285714,266.235753028169,2,2,2,2,5,0,idle
20005,1770907454.809892,1770907459.809892,275,211.40727272727273,332.10893464714513,3,3,4,4,219,56,idle
20006,1770907459.809892,1770907464.809892,285,604.3157894736842,671.110252006633,5,5,5,5,283,2,alexa_continuousStream
20007,1770907464.809892,1770907469.809892,36,994.9166666666666,855.1170137138292,2,2,2,2,36,0,alexa_continuousStream
20008,1770907469.809892,1770907474.809892,96,336.0416666666667,617.8127959804594,3,3,4,4,40,56,alexa_continuousStream
20009,1770907474.809892,1770907479.809892,56,681.125,812.2900525954103,3,4,3,3,53,3,alexa_continuousStream
20010,1770907479.809892,1770907484.809892,52,710.6538461538462,826.0474013037043,4,5,5,5,51,1,alexa_continuousStream
20011,1770907484.809892,1770907489.809892,99,399.7878787878788,662.1181883635135,3,3,2,2,47,52,alexa_continuousStream
20012,1770907489.809892,1770907494.809892,39,716.5641025641025,826.2407191889564,3,4,4,4,38,1,alexa_continuousStream
20013,1770907494.809892,1770907499.809892,52,707.4807692307693,831.4812082199611,2,2,2,2,50,0,alexa_continuousStream
20014,1770907499.809892,1770907504.809892,111,364.34234234234236,650.3925597178074,3,3,5,5,51,60,alexa_continuousStream
20015,1770907504.809892,1770907509.809892,36,746.25,849.1161581315009,3,3,3,3,36,0,alexa_continuousStream
20016,1770907509.809892,1770907514.809892,63,731.0793650793651,805.0103445856536,4,4,5,5,63,0,alexa_continuousStream
20017,1770907514.809892,1770907519.809892,106,368.79245283018867,662.8166264687769,3,3,2,2,44,62,alexa_continuousStream
20018,1770907519.809892,1770907524.809892,51,723.6470588235294,828.8964187045185,4,3,4,4,49,0,alexa_continuousStream
20019,1770907524.809892,1770907529.809892,35,787.4857142857143,848.4744570119249,2,2,2,2,35,0,alexa_continuousStream
20020,1770907529.809892,1770907534.809892,135,334.2518518518518,601.6574708392594,5,5,8,8,75,60,alexa_continuousStream
20021,1770907534.809892,1770907539.809892,50,717.64,807.5846517832781,3,3,3,3,48,0,alexa_continuousStream
20022,1770907539.809892,1770907544.809892,43,689.2325581395348,795.8227499832603,3,3,5,5,43,0,alexa_continuousStream
20023,1770907544.809892,1770907549.809892,101,402.2772277227723,678.5980418305359,3,3,2,2,50,51,alexa_continuousStream
20024,1770907549.809892,1770907554.809892,89,484.75280898876406,673.1209245829,7,7,8,8,87,2,alexa_continuousStream
20025,1770907554.809892,1770907559.809892,43,842.4418604651163,855.4313949927916,2,2,2,2,43,0,alexa_continuousStream
20026,1770907559.809892,1770907564.809892,60,574.7333333333333,745.3709772893701,3,3,5,5,49,11,alexa_continuousStream
20027,1770907564.809892,1770907569.809892,216,394.18055555555554,566.3923857979752,4,6,5,5,207,9,alexa_continuousStream
20028,1770907569.809892,1770907574.809892,57,679.140350877193,799.9534682582769,4,4,6,6,57,0,alexa_continuousStream
20029,1770907574.809892,1770907579.809892,100,387.32,678.1047098905578,3,3,2,2,42,58,alexa_continuousStream
20030,1770907579.809892,1770907584.809892,40,699.675,822.5329355887246,3,3,4,4,40,0,idle
20031,1770907584.809892,1770907589.809892,46,771.5652173913044,855.6434785112551,2,2,2,2,44,0,idle
20032,1770907589.809892,1770907594.809892,429,666.06993006993,705.2309622043196,6,6,6,6,367,62,idle
20033,1770907594.809892,1770907599.809892,450,208.66,302.259556671264,5,5,4,4,448,2,alexa_wakeWord
20034,1770907599.809892,1770907604.809892,92,460.8478260869565,661.5264887137532,4,4,5,5,92,0,idle
20035,1770907604.809892,1770907609.809892,111,355.44144144144144,650.515679144207,3,4,2,2,48,63,idle
20036,1770907609.809892,1770907614.809892,44,827.9318181818181,847.22648457975,3,4,4,4,43,1,idle
20037,1770907614.809892,1770907619.809892,46,665.5217391304348,803.7570041617868,2,3,2,2,45,1,idle
20038,1770907619.809892,1770907624.809892,111,364.4054054054054,650.3647980295141,3,4,4,4,49,62,idle
20039,1770907624.809892,1770907629.809892,54,766.8333333333334,798.2050322974076,3,3,3,3,52,0,idle
20040,1770907629.809892,1770907634.809892,9,176.66666666666666,238.04778931970782,3,3,5,5,9,0,idle
20041,1770907634.809892,1770907639.809892,59,60.32203389830509,2.4735893086356535,2,3,0,0,0,59,idle
20042,1770907639.809892,1770907644.809892,5,267.6,300.11381174481124,2,2,2,2,5,0,idle
20044,1770907649.809892,1770907654.809892,63,76.47619047619048,94.92439387741905,2,2,2,2,5,58,idle
20045,1770907654.809892,1770907659.809892,123,309.4146341463415,453.33821787280004,4,4,5,5,123,0,idle
20046,1770907659.809892,1770907664.809892,242,306.05785123966945,394.97870728934384,4,4,5,5,242,0,alexa_mediumResponse
20047,1770907664.809892,1770907669.809892,63,83.12698412698413,135.89280548540196,3,3,2,2,10,53,alexa_mediumResponse
20048,1770907669.809892,1770907674.809892,5,267.6,300.11381174481124,2,2,2,2,5,0,idle
20050,1770907679.809892,1770907684.809892,63,76.47619047619048,94.92439387741905,2,2,2,2,5,58,idle
20051,1770907684.809892,1770907689.809892,4,100.5,39.83716857408418,2,2,2,2,4,0,idle
20052,1770907689.809892,1770907694.809892,352,112.36079545454545,190.49543427971363,3,5,7,7,44,29,idle
20053,1770907694.809892,1770907699.809892,394,237.39593908629442,361.472104067645,4,5,4,4,322,72,alexa_shortResponse
20054,1770907699.809892,1770907704.809892,11,252.54545454545453,284.7923326342771,3,3,4,4,11,0,alexa_shortResponse
20055,1770907704.809892,1770907709.809892,1,144.0,,1,1,0,0,0,1,idle
20056,1770907709.809892,1770907714.809892,65,75.96923076923076,93.47342022447631,2,2,2,2,5,60,idle
20057,1770907714.809892,1770907719.809892,45,108.08888888888889,69.35508837012813,6,6,4,4,13,2,idle
20058,1770907719.809892,1770907724.809892,6,247.0,273.1314701750789,2,3,2,2,5,1,idle
20059,1770907724.809892,1770907729.809892,577,292.80762564991335,399.996839498033,3,3,4,4,517,60,alexa_longResponse
20060,1770907729.809892,1770907734.809892,13,217.69230769230768,230.79586384775348,3,3,4,4,13,0,alexa_longResponse
20062,1770907739.809892,1770907744.809892,64,93.84375,134.88928072888356,3,3,4,4,15,49,idle
20063,1770907744.809892,1770907749.809892,6,87.0,37.27733896082176,2,2,2,2,4,0,idle
20064,1770907749.809892,1770907754.809892,7,214.71428571428572,261.3310252570574,3,3,4,4,7,0,idle
20065,1770907754.809892,1770907759.809892,51,60.0,0.0,2,2,0,0,0,51,idle
20066,1770907759.809892,1770907764.809892,5,267.6,300.11381174481124,2,2,2,2,5,0,idle
20068,1770907769.809892,1770907774.809892,121,279.31404958677683,471.17151924852607,3,3,4,4,65,56,idle
20069,1770907774.809892,1770907779.809892,302,228.0430463576159,302.84479781363575,2,2,2,2,302,0,alexa_shortResponse
20070,1770907779.809892,1770907784.809892,13,222.92307692307693,269.8467038704449,3,3,4,4,11,0,idle
20071,1770907784.809892,1770907789.809892,60,60.0,0.0,2,2,0,0,0,60,idle
20072,1770907789.809892,1770907794.809892,8,196.875,247.2652927525414,3,3,4,4,8,0,idle
20073,1770907794.809892,1770907799.809892,8,253.5,414.71263717009083,2,2,2,2,8,0,idle
20074,1770907799.809892,1770907804.809892,18,117.66666666666667,174.20474768974313,2,2,2,2,5,13,idle
20075,1770907804.809892,1770907809.809892,4,100.5,39.83716857408418,2,2,2,2,4,0,idle
20076,1770907809.809892,1770907814.809892,7,208.28571428571428,265.1544922529218,2,2,2,2,5,0,idle
20077,1770907814.809892,1770907819.809892,50,60.0,0.0,2,2,0,0,0,50,idle
20078,1770907819.809892,1770907824.809892,5,267.6,300.11381174481124,2,2,2,2,5,0,idle
20080,1770907829.809892,1770907834.809892,60,78.65,97.19364298804801,3,3,4,4,10,50,idle
20081,1770907834.809892,1770907839.809892,192,260.8177083333333,375.5494307980393,3,3,4,4,190,0,idle
20082,1770907839.809892,1770907844.809892,313,151.13099041533548,74.77161014684538,4,4,5,5,313,0,alexa_wakeWord
20083,1770907844.809892,1770907849.809892,54,60.0,0.0,2,2,0,0,0,54,idle
20084,1770907849.809892,1770907854.809892,5,267.6,300.11381174481124,2,2,2,2,5,0,idle
20086,1770907859.809892,1770907864.809892,62,76.74193548387096,95.6756706289057,2,2,2,2,5,57,idle
20087,1770907864.809892,1770907869.809892,101,352.3168316831683,493.2695395155282,3,3,4,4,101,0,idle
20088,1770907869.809892,1770907874.809892,215,337.6093023255814,419.1484423631946,3,3,4,4,213,0,alexa_mediumResponse
20089,1770907874.809892,1770907879.809892,66,80.9090909090909,132.77983249004313,3,3,2,2,8,58,alexa_mediumResponse
20090,1770907879.809892,1770907884.809892,5,267.6,300.11381174481124,2,2,2,2,5,0,idle
20092,1770907889.809892,1770907894.809892,61,77.01639344262296,96.44506066552064,2,2,2,2,5,56,idle
20093,1770907894.809892,1770907899.809892,4,100.5,39.83716857408418,2,2,2,2,4,0,idle
20094,1770907899.809892,1770907904.809892,7,208.28571428571428,265.1544922529218,2,2,2,2,5,0,idle
20095,1770907904.809892,1770907909.809892,59,60.0,0.0,2,2,0,0,0,59,idle
20096,1770907909.809892,1770907914.809892,5,267.6,300.11381174481124,2,2,2,2,5,0,idle
20098,1770907919.809892,1770907924.809892,65,75.96923076923076,93.47342022447631,2,2,2,2,5,60,idle
20099,1770907924.809892,1770907929.809892,3,112.0,39.83716857408418,2,2,2,2,3,0,idle
20100,1770907929.809892,1770907934.809892,11,158.45454545454547,216.95454069291273,3,3,4,4,7,0,idle
20101,1770907934.809892,1770907939.809892,57,60.0,0.0,2,2,0,0,0,57,idle
20102,1770907939.809892,1770907944.809892,97,373.8144329896907,545.7038140843306,3,3,4,4,97,0,idle
20103,1770907944.809892,1770907949.809892,449,339.57683741648106,449.67739328737173,2,2,2,2,449,0,alexa_longResponse
20104,1770907949.809892,1770907954.809892,27,98.44444444444444,143.56138685200764,2,2,2,2,5,22,alexa_longResponse
20105,1770907954.809892,1770907959.809892,11,173.45454545454547,226.4691429914299,2,2,2,2,11,0,alexa_longResponse
20106,1770907959.809892,1770907964.809892,7,208.28571428571428,265.1544922529218,2,2,2,2,5,0,idle
20107,1770907964.809892,1770907969.809892,56,60.0,0.0,2,2,0,0,0,56,idle
20108,1770907969.809892,1770907974.809892,5,267.6,300.11381174481124,2,2,2,2,5,0,idle
20110,1770907979.809892,1770907984.809892,65,75.96923076923076,93.47342022447631,2,2,2,2,5,60,idle
20111,1770907984.809892,1770907989.809892,3,112.0,39.83716857408418,2,2,2,2,3,0,idle
20112,1770907989.809892,1770907994.809892,7,208.28571428571428,265.1544922529218,2,2,2,2,5,0,idle
20113,1770907994.809892,1770907999.809892,56,60.0,0.0,2,2,0,0,0,56,idle
20114,1770907999.809892,1770908004.809892,5,267.6,300.11381174481124,2,2,2,2,5,0,idle
20115,1770908004.809892,1770908009.809892,213,251.1032863849765,362.352141137957,3,3,4,4,213,0,idle
20116,1770908009.809892,1770908014.809892,568,348.0404929577465,461.0526489400553,3,3,4,4,508,60,alexa_longResponse
20117,1770908014.809892,1770908019.809892,46,107.17391304347827,68.86034315847826,6,6,4,4,14,2,alexa_longResponse
20118,1770908019.809892,1770908024.809892,9,180.33333333333334,236.37840425893395,3,3,4,4,7,0,alexa_longResponse
20119,1770908024.809892,1770908029.809892,63,77.23809523809524,100.35673696557637,3,3,2,2,7,56,alexa_longResponse
20120,1770908029.809892,1770908034.809892,5,267.6,300.11381174481124,2,2,2,2,5,0,idle
20121,1770908034.809892,1770908039.809892,30,291.4,428.2425674214604,3,3,2,2,28,2,idle
20122,1770908039.809892,1770908044.809892,63,76.47619047619048,94.92439387741905,2,2,2,2,5,58,idle
20123,1770908044.809892,1770908049.809892,3,112.0,39.83716857408418,2,2,2,2,3,0,idle
20124,1770908049.809892,1770908054.809892,5,267.6,300.11381174481124,2,2,2,2,5,0,idle
20125,1770908054.809892,1770908059.809892,56,60.0,0.0,2,2,0,0,0,56,idle
20126,1770908059.809892,1770908064.809892,5,267.6,300.11381174481124,2,2,2,2,5,0,idle
20128,1770908069.809892,1770908074.809892,62,76.74193548387096,95.6756706289057,2,2,2,2,5,57,idle
20129,1770908074.809892,1770908079.809892,285,352.10877192982457,488.2918979090554,3,3,4,4,285,0,alexa_command
20130,1770908079.809892,1770908084.809892,7,208.28571428571428,265.1544922529218,2,2,2,2,5,0,idle
20131,1770908084.809892,1770908089.809892,56,60.0,0.0,2,2,0,0,0,56,idle
20132,1770908089.809892,1770908094.809892,5,268.0,300.4920964018854,2,2,2,2,5,0,idle
20133,1770908094.809892,1770908099.809892,23,174.04347826086956,199.11177268990252,4,4,3,3,21,2,idle
20134,1770908099.809892,1770908104.809892,59,77.62711864406779,98.18787380447904,2,2,2,2,5,54,idle
20135,1770908104.809892,1770908109.809892,3,112.0,39.83716857408418,2,2,2,2,3,0,idle
20136,1770908109.809892,1770908114.809892,7,215.0,261.6881095248056,3,3,4,4,7,0,idle
20137,1770908114.809892,1770908119.809892,54,60.0,0.0,2,2,0,0,0,54,idle
20138,1770908119.809892,1770908124.809892,7,219.42857142857142,258.9941164987197,3,2,2,2,5,0,idle
20139,1770908124.809892,1770908129.809892,58,510.7068965517241,603.9487897606531,3,3,4,4,56,0,idle
20140,1770908129.809892,1770908134.809892,298,141.8523489932886,126.52971734564187,3,3,4,4,238,60,alexa_command
20141,1770908134.809892,1770908139.809892,3,112.0,39.83716857408418,2,2,2,2,3,0,idle
20142,1770908139.809892,1770908144.809892,14,248.5,349.56494939589385,3,3,4,4,14,0,idle
20143,1770908144.809892,1770908149.809892,57,60.0,0.0,2,2,0,0,0,57,idle
20144,1770908149.809892,1770908154.809892,5,268.2,300.92640296258486,2,2,2,2,5,0,idle
20145,1770908154.809892,1770908159.809892,55,549.2181818181818,643.6235295663511,3,3,4,4,55,0,idle
20146,1770908159.809892,1770908164.809892,446,143.2645739910314,75.18197818161781,3,3,4,4,386,60,alexa_wakeWord
20147,1770908164.809892,1770908169.809892,63,137.87301587301587,70.13201654011964,2,2,2,2,63,0,idle
20148,1770908169.809892,1770908174.809892,5,268.2,300.92640296258486,2,2,2,2,5,0,idle
20149,1770908174.809892,1770908179.809892,58,60.0,0.0,2,2,0,0,0,58,idle
20150,1770908179.809892,1770908184.809892,5,268.2,300.92640296258486,2,2,2,2,5,0,idle
20151,1770908184.809892,1770908189.809892,329,218.69300911854103,292.11473477753435,3,3,4,4,329,0,alexa_shortResponse
20152,1770908189.809892,1770908194.809892,119,463.3529411764706,518.9294649864339,3,3,4,4,108,9,alexa_shortResponse
20153,1770908194.809892,1770908199.809892,14,155.92857142857142,201.87027985840288,2,2,2,2,14,0,idle
20154,1770908199.809892,1770908204.809892,9,263.8888888888889,304.3577025657657,3,3,4,4,9,0,idle
20155,1770908204.809892,1770908209.809892,54,60.0,0.0,2,2,0,0,0,54,idle
20156,1770908209.809892,1770908214.809892,291,238.28865979381445,319.0953578833143,3,3,4,4,291,0,alexa_command
20158,1770908219.809892,1770908224.809892,62,76.79032258064517,95.94092053280042,2,2,2,2,5,57,idle
20159,1770908224.809892,1770908229.809892,89,376.8876404494382,514.1849339710162,3,3,4,4,89,0,idle
20160,1770908229.809892,1770908234.809892,393,450.0916030534351,585.2353283480574,5,5,5,5,389,2,alexa_continuousStream
20161,1770908234.809892,1770908239.809892,131,385.5419847328244,599.2114723604166,4,4,3,3,72,59,alexa_continuousStream
20162,1770908239.809892,1770908244.809892,42,690.7380952380952,724.7939340295554,3,3,4,4,42,0,alexa_continuousStream
20163,1770908244.809892,1770908249.809892,46,791.4130434782609,849.1944568847966,2,2,2,2,46,0,alexa_continuousStream
20164,1770908249.809892,1770908254.809892,110,367.08181818181816,652.7478562864624,3,3,4,4,50,60,alexa_continuousStream
20165,1770908254.809892,1770908259.809892,52,751.4423076923077,796.3404389113683,3,3,3,3,52,0,alexa_continuousStream
20166,1770908259.809892,1770908264.809892,46,636.1521739130435,793.1560857287186,3,3,4,4,46,0,alexa_continuousStream
20167,1770908264.809892,1770908269.809892,106,377.3490566037736,645.261616082638,3,3,2,2,47,59,alexa_continuousStream
20168,1770908269.809892,1770908274.809892,52,709.4807692307693,827.0033428195383,3,3,4,4,49,0,alexa_continuousStream
20169,1770908274.809892,1770908279.809892,37,723.8108108108108,847.7695191841104,2,2,2,2,35,0,alexa_continuousStream
20170,1770908279.809892,1770908284.809892,107,375.41121495327104,578.767932657847,3,3,4,4,53,54,alexa_continuousStream
20171,1770908284.809892,1770908289.809892,49,730.9387755102041,775.3798372454645,3,3,3,3,49,0,alexa_continuousStream
20172,1770908289.809892,1770908294.809892,57,669.3157894736842,745.7725418722027,4,4,5,5,57,0,alexa_continuousStream
20173,1770908294.809892,1770908299.809892,91,339.8021978021978,631.363783492708,3,3,2,2,35,56,alexa_continuousStream
20174,1770908299.809892,1770908304.809892,49,749.2448979591836,835.8841010823072,3,3,4,4,49,0,alexa_continuousStream
20175,1770908304.809892,1770908309.809892,48,760.6875,774.0639688846989,2,2,2,2,48,0,alexa_continuousStream
20176,1770908309.809892,1770908314.809892,100,315.9,604.7617529058675,3,3,4,4,38,58,alexa_continuousStream
20177,1770908314.809892,1770908319.809892,64,583.28125,756.7724798838311,5,5,3,3,48,0,alexa_continuousStream
20178,1770908319.809892,1770908324.809892,77,516.7922077922078,710.4877371744882,6,6,6,6,61,2,alexa_continuousStream
20179,1770908324.809892,1770908329.809892,107,365.7943925233645,621.1612031877216,3,3,2,2,46,61,alexa_continuousStream
20180,1770908329.809892,1770908334.809892,41,683.7073170731708,685.7333025273906,3,3,4,4,41,0,alexa_continuousStream
20181,1770908334.809892,1770908339.809892,59,632.2372881355932,806.6734445683886,3,3,3,3,59,0,alexa_continuousStream
20182,1770908339.809892,1770908344.809892,106,378.5566037735849,642.8578318754419,3,3,4,4,50,56,alexa_continuousStream
20183,1770908344.809892,1770908349.809892,39,693.6153846153846,792.4914615307791,3,3,3,3,39,0,alexa_continuousStream
20184,1770908349.809892,1770908354.809892,52,709.3653846153846,761.2765602139749,3,3,4,4,52,0,alexa_continuousStream
20185,1770908354.809892,1770908359.809892,105,371.67619047619047,645.7760164096863,3,3,2,2,45,58,alexa_continuousStream
20186,1770908359.809892,1770908364.809892,63,725.2857142857143,802.6805379993646,3,4,5,4,61,0,alexa_continuousStream
20187,1770908364.809892,1770908369.809892,161,395.7453416149068,565.2570353332975,4,4,5,5,161,0,idle
20188,1770908369.809892,1770908374.809892,113,405.4513274336283,596.3575897412325,3,3,4,4,57,56,idle
20189,1770908374.809892,1770908379.809892,41,663.0,784.4583481613284,3,3,3,3,41,0,idle
20190,1770908379.809892,1770908384.809892,54,686.1481481481482,788.8358608569114,4,4,5,5,52,0,idle
20191,1770908384.809892,1770908389.809892,187,706.7326203208556,732.1135724479175,6,6,4,4,176,11,idle
20192,1770908389.809892,1770908394.809892,179,810.8491620111732,729.598061299963,5,5,6,6,179,0,idle
20193,1770908394.809892,1770908399.809892,182,425.9120879120879,600.0291088399671,4,4,5,5,182,0,idle
20194,1770908399.809892,1770908404.809892,247,279.3643724696356,472.7011947716309,4,4,5,5,189,58,alexa_shortResponse
20195,1770908404.809892,1770908409.809892,52,710.3653846153846,829.3156174147961,3,3,3,3,52,0,idle
20196,1770908409.809892,1770908414.809892,51,722.2156862745098,830.0670409967014,3,3,4,4,49,0,idle
20197,1770908414.809892,1770908419.809892,98,403.31632653061223,684.951794480184,3,3,2,2,46,52,idle
20198,1770908419.809892,1770908424.809892,44,674.8636363636364,792.0823774080717,3,3,4,4,44,0,idle
20199,1770908424.809892,1770908429.809892,17,542.0588235294117,794.8566278414802,2,2,2,2,15,0,idle
20200,1770908429.809892,1770908434.809892,68,96.75,141.58752105818857,2,2,2,2,10,58,idle
20201,1770908434.809892,1770908439.809892,3,112.0,39.83716857408418,2,2,2,2,3,0,idle
20202,1770908439.809892,1770908444.809892,12,268.25,288.3451609064765,2,2,2,2,10,0,idle
20203,1770908444.809892,1770908449.809892,60,60.0,0.0,2,2,0,0,0,60,idle
20204,1770908449.809892,1770908454.809892,10,309.9,300.0905233795666,2,2,2,2,10,0,idle
20205,1770908454.809892,1770908459.809892,4,64.25,8.5,2,2,2,2,4,0,idle
20206,1770908459.809892,1770908464.809892,68,96.75,141.58752105818857,2,2,2,2,10,58,idle
20207,1770908464.809892,1770908469.809892,13,179.46153846153845,265.77986360414116,2,2,2,2,13,0,idle
20208,1770908469.809892,1770908474.809892,9,180.66666666666666,237.03269816630785,3,3,4,4,7,0,idle
20209,1770908474.809892,1770908479.809892,70,104.72857142857143,157.34232239998067,2,2,3,3,18,52,idle
20210,1770908479.809892,1770908484.809892,370,204.75675675675674,280.1886613156075,3,3,4,4,370,0,alexa_wakeWord
20211,1770908484.809892,1770908489.809892,135,162.62222222222223,95.06595249290402,3,3,4,4,135,0,idle
20212,1770908489.809892,1770908494.809892,64,76.546875,94.42926800916139,2,2,2,2,6,58,idle
20213,1770908494.809892,1770908499.809892,8,263.375,281.243634848608,3,3,4,4,8,0,idle
20214,1770908499.809892,1770908504.809892,7,208.71428571428572,265.87949293223943,2,2,2,2,5,0,idle
