windowID,windowStart,windowEnd,packetCount,tcpPacketCount,tcpRatio,udpPacketCount,udpRatio,avgPacketLength,stdPacketLength,minPacketLength,maxPacketLength,medianPacketLength,smallPacketCount,largePacketCount,packetsPerSecond,uniqueSrcIPs,uniqueDstIPs,avgTTL,stdTTL,avgIPLen,stdIPLen,uniqueTCPSrcPorts,uniqueTCPDstPorts,avgTCPLen,stdTCPLen,tcpPayloadPacketCount,tcpPayloadPacketRatio,uniqueTCPStreams,avgTCPWindowSize,minTCPWindowSize,maxTCPWindowSize,synCount,ackCount,finCount,uniqueUDPSrcPorts,uniqueUDPDstPorts,avgInterArrivalTime,stdInterArrivalTime,minInterArrivalTime,maxInterArrivalTime,packetsTobedroomBulb,packetsFrombedroomBulb,packetsToloungeBulb,packetsFromloungeBulb,packetsTocamera,packetsFromcamera,packetsTomotionSensor,packetsFrommotionSensor,packetsToplug,packetsFromplug,packetsToalexa,packetsFromalexa,tlsHandshakeCount,avgTLSRecordLen,stdTLSRecordLen,minTLSRecordLen,maxTLSRecordLen,avgACKRoundTripTime,stdACKRoundTripTime,minACKRoundTripTime,maxACKRoundTripTime,ACKRoundTripTimeCount,avgTimeDelta,stdTimeDelta,minTimeDelta,maxTimeDelta,tlsContentTypeChanegCipherCount,tlsContentTypeAlertCount,tlsContentTypeHandshakeCount,tlsContentTypeAppDataCount,label
0,1776411952.012741,1776411952.245231,3,3,1.0,0,0.0,102.0,36.373066958946424,60,123,123.0,1,0,1316.1866371048873,2,2,162.33333333333334,80.25168741735799,86.0,39.83716857408418,2,2,46.0,39.83716857408418,2,0.6666666666666666,1,44617.333333333336,2782.0,65535.0,0,3,0,0,0,0.009675666666666666,0.012798377878986592,0.00157,0.02443,0,0,0,0,0,0,2,1,0,0,0,0,0,64.0,0.0,64.0,64.0,0.013748,0.015161783602201953,0.003027,0.024469,2,0.009675666666666666,0.012798377878986592,0.00157,0.02443,0,0,0,2,movingAroundHouse
1,1776411984.32324,1776411984.551203,4,4,1.0,0,0.0,243.25,284.05677249451384,60,667,123.0,1,1,4268.237060030581,2,2,185.5,80.25168741735799,227.75,285.35986052701946,2,2,187.75,285.35986052701946,3,0.75,1,34089.5,2575.0,65535.0,0,4,0,0,0,0.01182225,0.01198678231428268,0.001573,0.025237,0,0,0,0,0,0,2,2,0,0,0,0,0,245.33333333333334,314.0785464391564,64.0,608.0,0.0135395,0.016542763145859278,0.001842,0.025237,2,0.01182225,0.01198678231428268,0.001573,0.025237,0,0,0,3,movingAroundHouse
2,1776412024.0,1776412031.73289,11,11,1.0,0,0.0,158.9090909090909,115.13422996264364,66,371,99.0,6,0,226.04744470871714,4,4,111.27272727272727,70.5536546311967,144.9090909090909,115.13422996264364,3,3,92.9090909090909,115.13422996264364,8,0.7272727272727273,2,4093.909090909091,2608.0,5283.0,0,11,0,0,0,0.028322636363636366,0.03657701743519481,0.001206,0.132369,0,0,0,0,3,5,0,0,0,0,2,1,0,122.75,117.6869333686382,28.0,300.0,0.02402775,0.018536360382078402,0.001206,0.054718,8,0.028322636363636366,0.03657701743519481,0.001206,0.132369,0,0,0,8,outsideDetection
3,1776412401.982466,1776412402.221052,4,4,1.0,0,0.0,243.25,284.05677249451384,60,667,123.0,1,1,4078.194899180775,2,2,185.5,80.25168741735799,227.75,285.35986052701946,2,2,187.75,285.35986052701946,3,0.75,1,33917.0,2230.0,65535.0,0,4,0,0,0,0.0538245,0.09092180982397274,0.001625,0.189504,0,0,0,0,0,0,2,2,0,0,0,0,0,245.33333333333334,314.0785464391564,64.0,608.0,0.023492000000000002,0.012958438872024672,0.014329,0.032655,2,0.0538245,0.09092180982397274,0.001625,0.189504,0,0,0,3,movingAroundHouse
4,1776412491.209755,1776412491.438258,4,4,1.0,0,0.0,243.25,284.05677249451384,60,667,123.0,1,1,4258.149992018039,2,2,185.5,80.25168741735799,227.75,285.35986052701946,2,2,187.75,285.35986052701946,3,0.75,1,33779.0,1954.0,65535.0,0,4,0,0,0,0.044990249999999996,0.07124412081650434,0.00197,0.150586,0,0,0,0,0,0,2,2,0,0,0,0,0,245.33333333333334,314.0785464391564,64.0,608.0,0.0136255,0.01648336617623961,0.00197,0.025281,2,0.044990249999999996,0.07124412081650434,0.00197,0.150586,0,0,0,3,movingAroundHouse
5,1776412679.21204,1776412679.446157,5,5,1.0,0,0.0,206.6,259.29192042946494,60,667,123.0,2,1,4412.323166571279,2,2,171.6,76.13343549321809,190.2,261.00325668466286,2,2,150.2,261.00325668466286,3,0.6,1,39992.2,1609.0,65535.0,0,5,0,0,0,0.043475400000000004,0.07978070451117864,0.000177,0.1855,0,0,0,0,0,0,3,2,0,0,0,0,0,245.33333333333334,314.0785464391564,64.0,608.0,0.022539,0.0038509035303419376,0.019816,0.025262,2,0.043475400000000004,0.07978070451117864,0.000177,0.1855,0,0,0,3,movingAroundHouse
7,1776412831.230801,1776412832.297644,1,1,1.0,0,0.0,424.0,,424,424,424.0,0,0,397.4343757284068,1,1,255.0,,410.0,,1,1,370.0,,1,1.0,1,2137.0,2137.0,2137.0,0,1,0,0,0,3.8e-05,,3.8e-05,3.8e-05,0,0,0,1,0,0,0,0,0,0,0,0,0,365.0,,365.0,365.0,,,,,0,3.8e-05,,3.8e-05,3.8e-05,0,0,0,1,alexaBulbOff
6,1776412832.140758,1776412832.280311,1,1,1.0,0,0.0,424.0,,424,424,424.0,0,0,3038.270672170134,1,1,255.0,,410.0,,1,1,370.0,,1,1.0,1,2137.0,2137.0,2137.0,0,1,0,0,0,3.8e-05,,3.8e-05,3.8e-05,0,0,0,1,0,0,0,0,0,0,0,0,0,365.0,,365.0,365.0,,,,,0,3.8e-05,,3.8e-05,3.8e-05,0,0,0,1,bulbOff
9,1776412840.686057,1776412841.732067,3,3,1.0,0,0.0,190.0,202.23501180557238,60,423,87.0,2,0,544.9278596963406,2,2,208.66666666666666,80.25168741735799,174.0,204.1837407826588,2,2,134.0,204.1837407826588,2,0.6666666666666666,1,22719.666666666668,2071.0,63984.0,0,3,0,0,0,0.013157,0.009407478514458589,0.005139,0.023513,0,0,1,2,0,0,0,0,0,0,0,0,0,196.0,237.58787847867995,28.0,364.0,0.0791895,0.0756540616259299,0.025694,0.132685,2,0.013157,0.009407478514458589,0.005139,0.023513,0,0,0,2,alexaBulbOn
8,1776412841.281004,1776412841.425454,1,1,1.0,0,0.0,423.0,,423,423,423.0,0,0,2928.349938187754,1,1,255.0,,409.0,,1,1,369.0,,1,1.0,1,2104.0,2104.0,2104.0,0,1,0,0,0,0.005139,,0.005139,0.005139,0,0,0,1,0,0,0,0,0,0,0,0,0,364.0,,364.0,364.0,,,,,0,0.005139,,0.005139,0.005139,0,0,0,1,bulbOn
10,1776412860.979309,1776412861.207011,5,5,1.0,0,0.0,206.6,259.29192042946494,60,667,123.0,2,1,4536.633155716291,2,2,171.6,76.13343549321809,190.2,261.00325668466286,2,2,150.2,261.00325668466286,3,0.6,1,40378.6,2575.0,65535.0,0,5,0,0,0,0.0125998,0.015782903113812745,0.000151,0.033257,0,0,0,0,0,0,3,2,0,0,0,0,0,245.33333333333334,314.0785464391564,64.0,608.0,0.014132500000000001,0.016819949004084407,0.002239,0.026026,2,0.0125998,0.015782903113812745,0.000151,0.033257,0,0,0,3,movingAroundHouse
12,1776413200.483121,1776413201.526628,122,122,1.0,0,0.0,708.1967213114754,733.4473299251183,60,2962,195.0,50,50,82797.71174555941,4,4,132.99180327868854,87.5444157307988,694.1475409836065,733.4913529337712,3,3,642.5081967213115,733.2761337736355,76,0.6229508196721312,2,1968.450819672131,7.0,63984.0,2,121,0,0,0,0.003602352459016393,0.00977696758149591,0.0,0.088151,2,3,0,0,0,0,0,0,0,0,43,74,1,551.4782608695652,874.9886165267429,1.0,3854.0,0.09612977083333334,0.04472572624637317,0.002017,0.16335,48,0.003602352459016393,0.00977696758149591,0.0,0.088151,1,0,8,14,alexaBulbChange
11,1776413201.140936,1776413201.367166,61,61,1.0,0,0.0,915.672131147541,731.5893821288795,66,1828,1514.0,16,34,246899.01570486405,4,4,112.24590163934427,79.91634287130196,901.672131147541,731.5893821288795,3,3,850.0655737704918,731.2301477385547,46,0.7540983606557377,2,1584.7540983606557,8.0,63984.0,0,61,0,0,0,0.0026695081967213117,0.005508307561078239,0.0,0.027411,1,1,0,0,0,0,0,0,0,0,15,44,0,633.6363636363636,631.4377677534458,28.0,1484.0,0.113417,0.025401860262587072,0.027676,0.159775,16,0.0026695081967213117,0.005508307561078239,0.0,0.027411,0,0,0,11,bulbChange
13,1776413612.164376,1776413612.31093,1,1,1.0,0,0.0,372.0,,372,372,372.0,0,0,2538.313640001822,1,1,255.0,,358.0,,1,1,318.0,,1,1.0,1,2889.0,2889.0,2889.0,0,1,0,0,0,0.002181,,0.002181,0.002181,0,0,0,0,0,0,0,0,0,1,0,0,0,313.0,,313.0,313.0,,,,,0,0.002181,,0.002181,0.002181,0,0,0,1,plugOn
15,1776413664.999548,1776413666.040544,3,3,1.0,0,0.0,190.33333333333334,202.8110779354356,60,424,87.0,2,0,548.5131153615891,2,2,208.66666666666666,80.25168741735799,174.33333333333334,204.7592081771497,2,2,134.33333333333334,204.7592081771497,2,0.6666666666666666,1,22615.0,1914.0,63984.0,0,3,0,0,0,0.02409966666666667,0.00622414703660938,0.017225,0.029352,0,0,1,2,0,0,0,0,0,0,0,0,0,196.5,238.2949852598665,28.0,365.0,0.1400335,0.1628473988140431,0.024883,0.255184,2,0.02409966666666667,0.00622414703660938,0.017225,0.029352,0,0,0,2,alexaBulbOff
14,1776413665.426461,1776413665.556251,1,1,1.0,0,0.0,424.0,,424,424,424.0,0,0,3266.8139219183695,1,1,255.0,,410.0,,1,1,370.0,,1,1.0,1,1947.0,1947.0,1947.0,0,1,0,0,0,0.025722,,0.025722,0.025722,0,0,0,1,0,0,0,0,0,0,0,0,0,365.0,,365.0,365.0,,,,,0,0.025722,,0.025722,0.025722,0,0,0,1,bulbOff
17,1776413677.671884,1776413678.717876,2,2,1.0,0,0.0,255.0,237.58787847867995,87,423,255.0,1,0,487.5754785275738,2,2,185.5,98.2878425849301,241.0,237.58787847867995,2,2,201.0,237.58787847867995,2,1.0,1,32949.0,1914.0,63984.0,0,2,0,0,0,0.0016885,0.0008152941187080894,0.001112,0.002265,0,0,1,1,0,0,0,0,0,0,0,0,0,196.0,237.58787847867995,28.0,364.0,0.026701,,0.026701,0.026701,1,0.0016885,0.0008152941187080894,0.001112,0.002265,0,0,0,2,alexaBulbOn
16,1776413678.557479,1776413678.693761,1,1,1.0,0,0.0,423.0,,423,423,423.0,0,0,3103.8534942591878,1,1,255.0,,409.0,,1,1,369.0,,1,1.0,1,1914.0,1914.0,1914.0,0,1,0,0,0,0.002265,,0.002265,0.002265,0,0,0,1,0,0,0,0,0,0,0,0,0,364.0,,364.0,364.0,,,,,0,0.002265,,0.002265,0.002265,0,0,0,1,bulbOn
18,1776414329.519761,1776414330.697246,86,86,1.0,0,0.0,230.43023255813952,265.55830380972503,60,1143,199.0,31,8,16829.93854047498,4,4,137.37209302325581,89.13704538011751,216.36046511627907,265.6043901475717,3,3,164.91860465116278,265.53817561438944,56,0.6511627906976745,2,4216.232558139535,2574.0,63984.0,0,86,0,0,0,0.009442209302325583,0.010258440727880718,0.0,0.053483,2,2,0,0,0,0,0,0,0,0,32,50,0,248.26785714285714,293.57783487496147,28.0,1072.0,0.028089702702702706,0.019552163747644777,0.002025,0.09196,37,0.009442209302325583,0.010258440727880718,0.0,0.053483,0,0,0,56,alexaBulbOff
19,1776414334.792249,1776414335.022381,4,4,1.0,0,0.0,243.25,284.05677249451384,60,667,123.0,1,1,4228.006381806051,2,2,185.5,80.25168741735799,227.75,285.35986052701946,2,2,187.75,285.35986052701946,3,0.75,1,33710.0,1816.0,65535.0,0,4,0,0,0,0.007967499999999999,0.010523401493813679,0.001524,0.023665,0,0,0,0,0,0,2,2,0,0,0,0,0,245.33333333333334,314.0785464391564,64.0,608.0,0.013073,0.014979350052655821,0.002481,0.023665,2,0.007967499999999999,0.010523401493813679,0.001524,0.023665,0,0,0,3,movingAroundHouse
20,1776414367.880653,1776414368.243036,5,5,1.0,0,0.0,206.6,259.29192042946494,60,667,123.0,2,1,2850.5742194618883,2,2,199.4,76.1334354932181,190.2,261.00325668466286,2,2,150.2,261.00325668466286,3,0.6,1,27455.4,1609.0,65535.0,0,5,0,0,0,0.021615,0.01962477348913867,0.001525,0.04557,0,0,0,0,0,0,2,3,0,0,0,0,0,245.33333333333334,314.0785464391564,64.0,608.0,0.035695,0.013965358928434314,0.02582,0.04557,2,0.021615,0.01962477348913867,0.001525,0.04557,0,0,0,3,movingAroundHouse
22,1776414575.076024,1776414576.117984,7,7,1.0,0,0.0,171.14285714285714,171.79292629153716,60,422,87.0,5,0,1149.756227551583,2,2,175.57142857142858,74.29862525165397,154.57142857142858,173.75256078962514,2,2,114.57142857142857,173.75256078962514,4,0.5714285714285714,1,37804.28571428572,2854.0,63984.0,0,7,0,0,0,0.005318999999999999,0.006848361458529089,0.000901,0.020094,0,0,4,3,0,0,0,0,0,0,0,0,0,195.5,193.41234017852463,28.0,363.0,0.030343333333333333,0.03499538292879981,0.001617,0.069319,3,0.005318999999999999,0.006848361458529089,0.000901,0.020094,0,0,0,4,alexaBulbChange
21,1776414575.368129,1776414575.626671,3,3,1.0,0,0.0,189.66666666666666,201.65895302052257,60,422,87.0,2,0,2200.802446320744,2,2,162.33333333333334,80.25168741735799,173.66666666666666,203.60828404888966,2,2,133.66666666666666,203.60828404888966,2,0.6666666666666666,1,43629.333333333336,2920.0,63984.0,0,3,0,0,0,0.004023666666666666,0.0029304563353398276,0.002168,0.007402,0,0,2,1,0,0,0,0,0,0,0,0,0,195.5,236.88077169749343,28.0,363.0,0.069319,,0.069319,0.069319,1,0.004023666666666666,0.0029304563353398276,0.002168,0.007402,0,0,0,2,bulbChange
23,1776414623.600671,1776414623.834053,4,4,1.0,0,0.0,243.25,284.05677249451384,60,667,123.0,1,1,4169.130677563529,2,2,185.5,80.25168741735799,227.75,285.35986052701946,2,2,187.75,285.35986052701946,3,0.75,1,34089.5,2575.0,65535.0,0,4,0,0,0,0.01052475,0.013566381693362457,0.001348,0.030355,0,0,0,0,0,0,2,2,0,0,0,0,0,245.33333333333334,314.0785464391564,64.0,608.0,0.016279000000000002,0.019906470103963687,0.002203,0.030355,2,0.01052475,0.013566381693362457,0.001348,0.030355,0,0,0,3,movingAroundHouse
24,1776414775.696001,1776414775.927192,2,2,1.0,0,0.0,255.0,237.58787847867995,87,423,255.0,1,0,2205.9689899297196,2,2,185.5,98.2878425849301,241.0,237.58787847867995,2,2,201.0,237.58787847867995,2,1.0,1,33403.5,2823.0,63984.0,0,2,0,0,0,0.012469,0.016745702792059818,0.000628,0.02431,0,0,1,1,0,0,0,0,0,0,0,0,0,196.0,237.58787847867995,28.0,364.0,0.02431,,0.02431,0.02431,1,0.012469,0.016745702792059818,0.000628,0.02431,0,0,0,2,bulbOff
25,1776414775.696727,1776414776.741417,3,3,1.0,0,0.0,190.0,202.23501180557238,60,423,87.0,2,0,545.6164584582359,2,2,208.66666666666666,80.25168741735799,174.0,204.1837407826588,2,2,134.0,204.1837407826588,2,0.6666666666666666,1,23199.0,2790.0,63984.0,0,3,0,0,0,0.013531666666666666,0.011983199169392675,0.000628,0.02431,0,0,1,2,0,0,0,0,0,0,0,0,0,196.0,237.58787847867995,28.0,364.0,0.12375799999999999,0.14064071035087955,0.02431,0.223206,2,0.013531666666666666,0.011983199169392675,0.000628,0.02431,0,0,0,2,alexaBulbOff
27,1776414786.225394,1776414787.303474,2,2,1.0,0,0.0,254.5,236.88077169749343,87,422,254.5,1,0,472.135675323627,2,2,185.5,98.2878425849301,240.5,236.88077169749343,2,2,200.5,236.88077169749343,2,1.0,1,33387.0,2790.0,63984.0,0,2,0,0,0,0.033183,0.010550033175303288,0.025723,0.040643,0,0,1,1,0,0,0,0,0,0,0,0,0,195.5,236.88077169749343,28.0,363.0,0.025723,,0.025723,0.025723,1,0.033183,0.010550033175303288,0.025723,0.040643,0,0,0,2,alexaBulbOn
26,1776414786.928349,1776414787.17551,2,2,1.0,0,0.0,254.5,236.88077169749343,87,422,254.5,1,0,2059.387128762535,2,2,185.5,98.2878425849301,240.5,236.88077169749343,2,2,200.5,236.88077169749343,2,1.0,1,33387.0,2790.0,63984.0,0,2,0,0,0,0.033183,0.010550033175303288,0.025723,0.040643,0,0,1,1,0,0,0,0,0,0,0,0,0,195.5,236.88077169749343,28.0,363.0,0.025723,,0.025723,0.025723,1,0.033183,0.010550033175303288,0.025723,0.040643,0,0,0,2,bulbOn
28,1776414810.737119,1776414810.969133,4,4,1.0,0,0.0,243.25,284.05677249451384,60,667,123.0,1,1,4193.7135182404945,2,2,185.5,80.25168741735799,227.75,285.35986052701946,2,2,187.75,285.35986052701946,3,0.75,1,33951.5,2299.0,65535.0,0,4,0,0,0,0.021654499999999997,0.02591631226981699,0.001914,0.056528,0,0,0,0,0,0,2,2,0,0,0,0,0,245.33333333333334,314.0785464391564,64.0,608.0,0.014069499999999999,0.017190472957426157,0.001914,0.026225,2,0.021654499999999997,0.02591631226981699,0.001914,0.056528,0,0,0,3,movingAroundHouse
29,1776415206.748166,1776415206.978187,4,4,1.0,0,0.0,243.25,284.05677249451384,60,667,123.0,1,1,4230.04856246722,2,2,185.5,80.25168741735799,227.75,285.35986052701946,2,2,187.75,285.35986052701946,3,0.75,1,33779.0,1954.0,65535.0,0,4,0,0,0,0.0424495,0.07767520085801731,0.0015,0.158889,0,0,0,0,0,0,2,2,0,0,0,0,0,245.33333333333334,314.0785464391564,64.0,608.0,0.0136405,0.016627615959601664,0.001883,0.025398,2,0.0424495,0.07767520085801731,0.0015,0.158889,0,0,0,3,movingAroundHouse
30,1776415281.456309,1776415281.684144,8,8,1.0,0,0.0,157.875,207.36471493482202,60,667,85.0,5,1,5543.4868780013585,4,4,202.875,71.93933456144043,141.625,208.59799855223923,3,3,101.625,208.59799855223923,5,0.625,2,25991.375,1747.0,65535.0,0,8,0,0,0,0.0167745,0.011739030831254462,0.001949,0.034024,0,0,1,2,0,0,2,3,0,0,0,0,0,157.6,252.49712869654576,26.0,608.0,0.0286818,0.027287277066427865,0.004099,0.074993,5,0.0167745,0.011739030831254462,0.001949,0.034024,0,0,0,5,movingAroundHouse
31,1776415294.0,1776415310.115058,9,9,1.0,0,0.0,152.22222222222223,112.92340078320545,60,371,123.0,4,0,85.0136564605832,6,6,158.66666666666666,89.92496872393117,137.55555555555554,113.55187262999135,4,4,89.55555555555556,114.20169778850828,6,0.6666666666666666,3,10405.111111111111,2608.0,65535.0,0,9,0,0,0,0.013124777777777777,0.01785732143812292,0.0,0.052552,0,0,0,0,1,2,1,2,0,0,2,1,0,129.33333333333334,116.8292200892682,28.0,300.0,0.025441666666666668,0.021269583500075094,0.001051,0.052552,6,0.013124777777777777,0.01785732143812292,0.0,0.052552,0,0,0,6,outsideDetection
32,1776415574.815639,1776415575.858508,48,48,1.0,0,0.0,372.5416666666667,423.86373554723536,60,1228,127.0,20,13,17146.92683265853,4,4,174.5,88.56876160314592,358.4166666666667,423.9587411345556,3,3,307.9166666666667,423.43025918935354,30,0.625,2,6663.458333333333,2233.0,63984.0,0,48,0,0,0,0.011755729166666668,0.0244488289139892,0.0,0.137739,0,0,3,3,0,0,0,0,0,0,25,17,0,464.58620689655174,432.2994594723645,28.0,1072.0,0.03629673913043479,0.05689342072540502,0.001691,0.21072,23,0.011755729166666668,0.0244488289139892,0.0,0.137739,0,0,0,29,alexaBulbOff
33,1776415609.484452,1776415609.715966,4,4,1.0,0,0.0,243.25,284.05677249451384,60,667,123.0,1,1,4202.770011534026,2,2,185.5,80.25168741735799,227.75,285.35986052701946,2,2,187.75,285.35986052701946,3,0.75,1,33956.5,2309.0,65535.0,0,4,0,0,0,0.00157525,0.0017182388997652993,9.1e-05,0.003914,0,0,0,0,0,0,2,2,0,0,0,0,0,245.33333333333334,314.0785464391564,64.0,608.0,0.0141345,0.0165257925831108,0.002449,0.02582,2,0.00157525,0.0017182388997652993,9.1e-05,0.003914,0,0,0,3,movingAroundHouse
34,1776415625.272808,1776415626.313683,67,67,1.0,0,0.0,304.44776119402985,373.7687375897793,60,1756,199.0,24,11,19596.974490041335,4,4,170.59701492537314,89.72568628231889,290.2686567164179,373.8890445561054,3,3,239.52238805970148,373.5420287175905,45,0.6716417910447762,2,5575.4029850746265,2268.0,63984.0,0,67,0,0,0,0.010065298507462688,0.013958355152961607,0.0,0.059965,3,4,0,0,0,0,0,0,0,0,34,26,0,303.23809523809524,341.93786409755864,28.0,1072.0,0.031562,0.02490717522352514,0.00444,0.104486,27,0.010065298507462688,0.013958355152961607,0.0,0.059965,0,0,0,42,alexaBulbOn
35,1776415738.313167,1776415738.465698,1,1,1.0,0,0.0,373.0,,373,373,373.0,0,0,2445.40600630548,1,1,255.0,,359.0,,1,1,319.0,,1,1.0,1,2515.0,2515.0,2515.0,0,1,0,0,0,0.002199,,0.002199,0.002199,0,0,0,0,0,0,0,0,0,1,0,0,0,314.0,,314.0,314.0,,,,,0,0.002199,,0.002199,0.002199,0,0,0,1,plugOff
36,1776415747.466626,1776415747.609219,1,1,1.0,0,0.0,372.0,,372,372,372.0,0,0,2608.821055412412,1,1,255.0,,358.0,,1,1,318.0,,1,1.0,1,2482.0,2482.0,2482.0,0,1,0,0,0,0.002042,,0.002042,0.002042,0,0,0,0,0,0,0,0,0,1,0,0,0,313.0,,313.0,313.0,,,,,0,0.002042,,0.002042,0.002042,0,0,0,1,plugOn
38,1776416295.111648,1776416296.154036,3,3,1.0,0,0.0,191.0,203.96323198066852,60,426,87.0,2,0,549.699364057298,2,2,208.66666666666666,80.25168741735799,175.0,205.91017459076664,2,2,135.0,205.91017459076664,2,0.6666666666666666,1,23201.666666666668,2794.0,63984.0,0,3,0,0,0,0.04564666666666667,0.043877943962010495,0.015468,0.095981,1,2,0,0,0,0,0,0,0,0,0,0,0,197.5,239.7091988222396,28.0,367.0,0.06084,0.049991035216326536,0.025491,0.096189,2,0.04564666666666667,0.043877943962010495,0.015468,0.095981,0,0,0,2,alexaBulbOff
37,1776416295.176838,1776416295.366997,2,2,1.0,0,0.0,256.5,239.7091988222396,87,426,256.5,1,0,2697.7412463875326,2,2,185.5,98.2878425849301,242.5,239.7091988222396,2,2,202.5,239.7091988222396,2,1.0,1,33405.5,2827.0,63984.0,0,2,0,0,0,0.060736,0.04984395700583973,0.025491,0.095981,1,1,0,0,0,0,0,0,0,0,0,0,0,197.5,239.7091988222396,28.0,367.0,0.025491,,0.025491,0.025491,1,0.060736,0.04984395700583973,0.025491,0.095981,0,0,0,2,bulbOff
40,1776416303.495268,1776416304.585217,2,2,1.0,0,0.0,256.0,239.00209204105306,87,425,256.0,1,0,469.74679590872034,2,2,185.5,98.2878425849301,242.0,239.00209204105306,2,2,202.0,239.00209204105306,2,1.0,1,33389.0,2794.0,63984.0,0,2,0,0,0,0.009063,0.003302188668141177,0.006728,0.011398,1,1,0,0,0,0,0,0,0,0,0,0,0,197.0,239.00209204105306,28.0,366.0,0.031742,,0.031742,0.031742,1,0.009063,0.003302188668141177,0.006728,0.011398,0,0,0,2,alexaBulbOn
39,1776416304.368283,1776416304.565932,2,2,1.0,0,0.0,256.0,239.00209204105306,87,425,256.0,1,0,2590.4507213510255,2,2,185.5,98.2878425849301,242.0,239.00209204105306,2,2,202.0,239.00209204105306,2,1.0,1,33389.0,2794.0,63984.0,0,2,0,0,0,0.009063,0.003302188668141177,0.006728,0.011398,1,1,0,0,0,0,0,0,0,0,0,0,0,197.0,239.00209204105306,28.0,366.0,0.031742,,0.031742,0.031742,1,0.009063,0.003302188668141177,0.006728,0.011398,0,0,0,2,bulbOn
42,1776416405.211697,1776416406.261204,6,6,1.0,0,0.0,190.16666666666666,181.1446015388443,60,425,87.0,4,0,1087.177223008616,2,2,208.66666666666666,71.77929134971079,174.16666666666666,182.88730591997538,2,2,134.16666666666666,182.88730591997538,4,0.6666666666666666,1,23146.666666666668,2695.0,63984.0,0,6,0,0,0,0.016783333333333334,0.013210530597469076,0.0,0.033809,2,4,0,0,0,0,0,0,0,0,0,0,0,196.25,194.28222598409081,28.0,366.0,0.10255975,0.09478056924417579,0.025085,0.220094,4,0.016783333333333334,0.013210530597469076,0.0,0.033809,0,0,0,4,alexaBulbChange
41,1776416405.627639,1776416405.925049,4,4,1.0,0,0.0,248.5,202.37671144015889,60,425,254.5,2,0,3342.1874256470114,2,2,220.25,69.5,233.0,204.2531109514206,2,2,193.0,204.2531109514206,3,0.75,1,18050.25,2728.0,63984.0,0,4,0,0,0,0.015674,0.016903363235364333,0.0,0.033809,1,3,0,0,0,0,0,0,0,0,0,0,0,252.33333333333334,194.28415615621705,28.0,366.0,0.08252999999999999,0.07956789765979745,0.026267,0.138793,2,0.015674,0.016903363235364333,0.0,0.033809,0,0,0,3,bulbChange
43,1776418012.566782,1776418012.712174,1,1,1.0,0,0.0,423.0,,423,423,423.0,0,0,2909.377210905549,1,1,255.0,,409.0,,1,1,369.0,,1,1.0,1,1861.0,1861.0,1861.0,0,1,0,0,0,0.013346,,0.013346,0.013346,0,0,0,1,0,0,0,0,0,0,0,0,0,364.0,,364.0,364.0,,,,,0,0.013346,,0.013346,0.013346,0,0,0,1,bulbOff
45,1776418019.020538,1776418020.1271,4,4,1.0,0,0.0,254.5,193.41234017852463,87,422,254.5,2,0,919.9666107694532,2,2,185.5,80.25168741735799,240.5,193.41234017852463,2,2,200.5,193.41234017852463,4,1.0,1,32897.75,1795.0,63984.0,0,4,0,0,0,0.023681,0.023885257349810295,0.002302,0.057042,0,0,2,2,0,0,0,0,0,0,0,0,0,195.5,193.41234017852463,28.0,363.0,0.092438,0.12073045421930623,0.021878,0.231842,3,0.023681,0.023885257349810295,0.002302,0.057042,0,0,0,4,alexaBulbOn
44,1776418019.713218,1776418019.965636,2,2,1.0,0,0.0,254.5,236.88077169749343,87,422,254.5,1,0,2016.4961170018835,2,2,185.5,98.2878425849301,240.5,236.88077169749343,2,2,200.5,236.88077169749343,2,1.0,1,32906.0,1828.0,63984.0,0,2,0,0,0,0.012948,0.01505571758502397,0.002302,0.023594,0,0,1,1,0,0,0,0,0,0,0,0,0,195.5,236.88077169749343,28.0,363.0,0.023594,,0.023594,0.023594,1,0.012948,0.01505571758502397,0.002302,0.023594,0,0,0,2,bulbOn
46,1776418019.965888,1776418020.333213,5,5,1.0,0,0.0,215.6,188.73870827151487,60,422,87.0,3,0,2934.730284752183,2,2,199.4,76.13343549321809,200.4,189.99026290839222,2,2,160.4,189.99026290839222,4,0.8,1,26889.0,1762.0,63984.0,0,5,0,0,0,0.023857399999999997,0.01933632648152177,0.009282,0.057042,0,0,2,3,0,0,0,0,0,0,0,0,0,195.5,193.41234017852463,28.0,363.0,0.08429600000000001,0.09750185786947857,0.009282,0.231842,5,0.023857399999999997,0.01933632648152177,0.009282,0.057042,0,0,0,4,bulbChange
47,1776418020.1271,1776418021.172313,3,3,1.0,0,0.0,189.66666666666666,201.65895302052257,60,422,87.0,2,0,544.3866548386486,2,2,208.66666666666666,80.25168741735799,173.66666666666666,203.60828404888963,2,2,133.66666666666666,203.60828404888963,2,0.6666666666666666,1,22888.666666666668,1762.0,63984.0,0,3,0,0,0,0.016819666666666667,0.00707278731005912,0.009282,0.023311,0,0,1,2,0,0,0,0,0,0,0,0,0,195.5,236.88077169749343,28.0,363.0,0.055920000000000004,0.07051605556183642,0.009282,0.137042,3,0.016819666666666667,0.00707278731005912,0.009282,0.023311,0,0,0,2,alexaBulbChange
48,1776418046.610121,1776418046.753351,1,1,1.0,0,0.0,373.0,,373,373,373.0,0,0,2604.203732001665,1,1,255.0,,359.0,,1,1,319.0,,1,1.0,1,2108.0,2108.0,2108.0,0,1,0,0,0,0.00213,,0.00213,0.00213,0,0,0,0,0,0,0,0,0,1,0,0,0,314.0,,314.0,314.0,,,,,0,0.00213,,0.00213,0.00213,0,0,0,1,plugOff
50,1776418983.623215,1776418984.670802,6,6,1.0,0,0.0,151.0,137.18454723473778,60,423,111.0,3,0,864.8445091705568,4,4,197.33333333333334,84.82609661340469,136.0,138.0,3,3,90.0,140.12280328340566,4,0.6666666666666666,2,13041.166666666666,2608.0,63984.0,0,6,0,0,0,0.029113333333333335,0.01701513321330946,0.005901,0.05471,0,0,1,2,0,0,0,0,0,0,2,1,0,130.0,156.92036196746426,28.0,364.0,0.0582385,0.037565328575695965,0.026963,0.111953,4,0.029113333333333335,0.01701513321330946,0.005901,0.05471,0,0,0,4,alexaBulbOff
49,1776418983.966126,1776418984.209462,2,2,1.0,0,0.0,255.0,237.58787847867995,87,423,255.0,1,0,2095.867767299449,2,2,185.5,98.2878425849301,241.0,237.58787847867995,2,2,201.0,237.58787847867995,2,1.0,1,33374.5,2765.0,63984.0,0,2,0,0,0,0.016432000000000002,0.014893083025351065,0.005901,0.026963,0,0,1,1,0,0,0,0,0,0,0,0,0,196.0,237.58787847867995,28.0,364.0,0.026963,,0.026963,0.026963,1,0.016432000000000002,0.014893083025351065,0.005901,0.026963,0,0,0,2,bulbOff
52,1776418998.246035,1776418999.481961,2,2,1.0,0,0.0,254.5,236.88077169749343,87,422,254.5,1,0,411.8369836775724,2,2,185.5,98.2878425849301,240.5,236.88077169749343,2,2,200.5,236.88077169749343,2,1.0,1,33358.0,2732.0,63984.0,0,2,0,0,0,0.0092865,0.00955654814773619,0.002529,0.016044,0,0,1,1,0,0,0,0,0,0,0,0,0,195.5,236.88077169749343,28.0,363.0,0.025489,,0.025489,0.025489,1,0.0092865,0.00955654814773619,0.002529,0.016044,0,0,0,2,alexaBulbOn
51,1776418999.209832,1776418999.459848,2,2,1.0,0,0.0,254.5,236.88077169749343,87,422,254.5,1,0,2035.8699156910407,2,2,185.5,98.2878425849301,240.5,236.88077169749343,2,2,200.5,236.88077169749343,2,1.0,1,33358.0,2732.0,63984.0,0,2,0,0,0,0.0092865,0.00955654814773619,0.002529,0.016044,0,0,1,1,0,0,0,0,0,0,0,0,0,195.5,236.88077169749343,28.0,363.0,0.025489,,0.025489,0.025489,1,0.0092865,0.00955654814773619,0.002529,0.016044,0,0,0,2,bulbOn
53,1776419346.896366,1776419347.045227,1,1,1.0,0,0.0,373.0,,373,373,373.0,0,0,2505.690372199773,1,1,255.0,,359.0,,1,1,319.0,,1,1.0,1,1825.0,1825.0,1825.0,0,1,0,0,0,0.10737,,0.10737,0.10737,0,0,0,0,0,0,0,0,0,1,0,0,0,314.0,,314.0,314.0,,,,,0,0.10737,,0.10737,0.10737,0,0,0,1,plugOff
54,1776419358.046093,1776419358.192544,1,1,1.0,0,0.0,372.0,,372,372,372.0,0,0,2540.098798554358,1,1,255.0,,358.0,,1,1,318.0,,1,1.0,1,1792.0,1792.0,1792.0,0,1,0,0,0,0.099809,,0.099809,0.099809,0,0,0,0,0,0,0,0,0,1,0,0,0,313.0,,313.0,313.0,,,,,0,0.099809,,0.099809,0.099809,0,0,0,1,plugOn
55,1776419425.999391,1776419426.227916,4,4,1.0,0,0.0,243.25,284.05677249451384,60,667,123.0,1,1,4257.741281978251,2,2,185.5,80.25168741735799,227.75,285.35986052701946,2,2,187.75,285.35986052701946,3,0.75,1,33813.5,2023.0,65535.0,0,4,0,0,0,0.012247250000000001,0.01238618519090254,0.0015,0.025606,0,0,0,0,0,0,2,2,0,0,0,0,0,245.33333333333334,314.0785464391564,64.0,608.0,0.0137615,0.016750652539528125,0.001917,0.025606,2,0.012247250000000001,0.01238618519090254,0.0015,0.025606,0,0,0,3,movingAroundHouse
57,1776419463.707524,1776419464.755416,8,8,1.0,0,0.0,134.125,121.20871904045752,60,425,93.0,5,0,1023.9606259315609,5,5,170.75,88.15206018174342,119.375,121.75025667324073,4,4,71.875,124.21920428937594,5,0.625,3,9969.875,474.0,63984.0,0,8,0,0,0,0.011902875,0.009105644112111377,0.002381,0.026027,1,2,0,0,0,0,0,0,0,0,3,2,0,110.0,144.23591785682234,28.0,366.0,0.043963,0.04097268350376871,0.00545,0.11253,5,0.011902875,0.009105644112111377,0.002381,0.026027,0,0,0,5,alexaBulbChange
56,1776419464.333701,1776419464.484824,5,5,1.0,0,0.0,169.6,145.92737919938122,66,425,135.0,2,0,5611.321486268174,4,4,185.8,89.42426963638003,155.6,145.92737919938122,3,3,108.4,149.58208448875155,4,0.8,2,15134.0,2608.0,63984.0,0,5,0,0,0,0.0118502,0.009848718936998863,0.002381,0.026027,1,1,0,0,0,0,0,0,0,0,2,1,0,130.5,157.9145338466349,28.0,366.0,0.020385999999999998,0.013063345704680712,0.00545,0.029681,3,0.0118502,0.009848718936998863,0.002381,0.026027,0,0,0,4,bulbChange
59,1776419623.243298,1776419624.308252,3,3,1.0,0,0.0,190.0,202.23501180557238,60,423,87.0,2,0,535.234364383339,2,2,208.66666666666666,80.25168741735799,174.0,204.1837407826588,2,2,134.0,204.1837407826588,2,0.6666666666666666,1,23054.333333333332,2573.0,63984.0,0,3,0,0,0,0.04078266666666667,0.05024468973268054,0.001188,0.097305,0,0,1,2,0,0,0,0,0,0,0,0,0,196.0,237.58787847867995,28.0,364.0,0.022429,0.002016668539944034,0.021003,0.023855,2,0.04078266666666667,0.05024468973268054,0.001188,0.097305,0,0,0,2,alexaBulbOff
58,1776419623.460574,1776419623.696718,3,3,1.0,0,0.0,190.0,202.23501180557238,60,423,87.0,2,0,2413.7807483391557,2,2,208.66666666666666,80.25168741735799,174.0,204.1837407826588,2,2,134.0,204.1837407826588,2,0.6666666666666666,1,23054.333333333332,2573.0,63984.0,0,3,0,0,0,0.04078266666666667,0.05024468973268054,0.001188,0.097305,0,0,1,2,0,0,0,0,0,0,0,0,0,196.0,237.58787847867995,28.0,364.0,0.022429,0.002016668539944034,0.021003,0.023855,2,0.04078266666666667,0.05024468973268054,0.001188,0.097305,0,0,0,2,bulbOff
61,1776419635.906401,1776419636.966846,3,3,1.0,0,0.0,189.66666666666666,201.65895302052257,60,422,87.0,2,0,536.5671602932576,2,2,208.66666666666666,80.25168741735799,173.66666666666666,203.60828404888963,2,2,133.66666666666666,203.60828404888963,2,0.6666666666666666,1,23032.333333333332,2540.0,63984.0,0,3,0,0,0,0.059380333333333334,0.046835003889541135,0.025327,0.112791,0,0,1,2,0,0,0,0,0,0,0,0,0,195.5,236.88077169749343,28.0,363.0,0.032675,0.010391641256317505,0.025327,0.040023,2,0.059380333333333334,0.046835003889541135,0.025327,0.112791,0,0,0,2,alexaBulbOn
60,1776419636.697425,1776419636.945848,3,3,1.0,0,0.0,189.66666666666666,201.65895302052257,60,422,87.0,2,0,2290.4472293615313,2,2,208.66666666666666,80.25168741735799,173.66666666666666,203.60828404888963,2,2,133.66666666666666,203.60828404888963,2,0.6666666666666666,1,23032.333333333332,2540.0,63984.0,0,3,0,0,0,0.059380333333333334,0.046835003889541135,0.025327,0.112791,0,0,1,2,0,0,0,0,0,0,0,0,0,195.5,236.88077169749343,28.0,363.0,0.032675,0.010391641256317505,0.025327,0.040023,2,0.059380333333333334,0.046835003889541135,0.025327,0.112791,0,0,0,2,bulbOn
62,1776420128.830683,1776420129.059261,4,4,1.0,0,0.0,243.25,284.05677249451384,60,667,123.0,1,1,4256.750929879861,2,2,185.5,80.25168741735799,227.75,285.35986052701946,2,2,187.75,285.35986052701946,3,0.75,1,34089.5,2575.0,65535.0,0,4,0,0,0,0.006297249999999999,0.004899445980584608,0.001574,0.013071,0,0,0,0,0,0,2,2,0,0,0,0,0,245.33333333333334,314.0785464391564,64.0,608.0,0.014631499999999999,0.014547307809350842,0.004345,0.024918,2,0.006297249999999999,0.004899445980584608,0.001574,0.013071,0,0,0,3,movingAroundHouse
63,1776420711.193197,1776420711.339976,1,1,1.0,0,0.0,373.0,,373,373,373.0,0,0,2541.234417740353,1,1,255.0,,359.0,,1,1,319.0,,1,1.0,1,2734.0,2734.0,2734.0,0,1,0,0,0,0.13094,,0.13094,0.13094,0,0,0,0,0,0,0,0,0,1,0,0,0,314.0,,314.0,314.0,,,,,0,0.13094,,0.13094,0.13094,0,0,0,1,plugOff
64,1776420725.340521,1776420725.493868,1,1,1.0,0,0.0,372.0,,372,372,372.0,0,0,2425.8704942909026,1,1,255.0,,358.0,,1,1,318.0,,1,1.0,1,2701.0,2701.0,2701.0,0,1,0,0,0,0.000297,,0.000297,0.000297,0,0,0,0,0,0,0,0,0,1,0,0,0,313.0,,313.0,313.0,,,,,0,0.000297,,0.000297,0.000297,0,0,0,1,plugOn
65,1776420845.548574,1776420845.778218,4,4,1.0,0,0.0,243.25,284.05677249451384,60,667,123.0,1,1,4236.991801261839,2,2,185.5,80.25168741735799,227.75,285.35986052701946,2,2,187.75,285.35986052701946,3,0.75,1,33882.5,2161.0,65535.0,0,4,0,0,0,0.010502,0.018039962693974728,0.000823,0.037549,0,0,0,0,0,0,2,2,0,0,0,0,0,245.33333333333334,314.0785464391564,64.0,608.0,0.0198685,0.025004002889537507,0.002188,0.037549,2,0.010502,0.018039962693974728,0.000823,0.037549,0,0,0,3,movingAroundHouse
67,1776420927.92974,1776420929.119062,2,2,1.0,0,0.0,256.5,239.7091988222396,87,426,256.5,1,0,431.33819289556646,2,2,185.5,98.2878425849301,242.5,239.7091988222396,2,2,202.5,239.7091988222396,2,1.0,1,33311.5,2639.0,63984.0,0,2,0,0,0,0.0675535,0.053868101697572376,0.029463,0.105644,1,1,0,0,0,0,0,0,0,0,0,0,0,197.5,239.7091988222396,28.0,367.0,0.03092,,0.03092,0.03092,1,0.0675535,0.053868101697572376,0.029463,0.105644,0,0,0,2,alexaBulbOff
66,1776420928.946507,1776420929.098372,2,2,1.0,0,0.0,256.5,239.7091988222396,87,426,256.5,1,0,3378.000075357004,2,2,185.5,98.2878425849301,242.5,239.7091988222396,2,2,202.5,239.7091988222396,2,1.0,1,33311.5,2639.0,63984.0,0,2,0,0,0,0.0675535,0.053868101697572376,0.029463,0.105644,1,1,0,0,0,0,0,0,0,0,0,0,0,197.5,239.7091988222396,28.0,367.0,0.03092,,0.03092,0.03092,1,0.0675535,0.053868101697572376,0.029463,0.105644,0,0,0,2,bulbOff
69,1776420938.50153,1776420939.5425,3,3,1.0,0,0.0,190.66666666666666,203.3871513477027,60,425,87.0,2,0,549.4874512871194,2,2,208.66666666666666,80.25168741735799,174.66666666666666,205.33468614272977,2,2,134.66666666666666,205.33468614272977,2,0.6666666666666666,1,23054.333333333332,2573.0,63984.0,0,3,0,0,0,0.024373000000000002,0.021158853253425623,0.002464,0.044692,1,2,0,0,0,0,0,0,0,0,0,0,0,197.0,239.00209204105306,28.0,366.0,0.1241195,0.1388142535350747,0.025963,0.222276,2,0.024373000000000002,0.021158853253425623,0.002464,0.044692,0,0,0,2,alexaBulbOn
68,1776420939.098855,1776420939.246477,2,2,1.0,0,0.0,256.0,239.00209204105306,87,425,256.0,1,0,3468.3207837576374,2,2,185.5,98.2878425849301,242.0,239.00209204105306,2,2,202.0,239.00209204105306,2,1.0,1,33295.0,2606.0,63984.0,0,2,0,0,0,0.0142135,0.01661630225110268,0.002464,0.025963,1,1,0,0,0,0,0,0,0,0,0,0,0,197.0,239.00209204105306,28.0,366.0,0.025963,,0.025963,0.025963,1,0.0142135,0.01661630225110268,0.002464,0.025963,0,0,0,2,bulbOn
70,1776421295.252093,1776421295.483338,4,4,1.0,0,0.0,243.25,284.05677249451384,60,667,123.0,1,1,4207.657799882876,2,2,185.5,80.25168741735799,227.75,285.35986052701946,2,2,187.75,285.35986052701946,3,0.75,1,33675.5,1747.0,65535.0,0,4,0,0,0,0.017806250000000003,0.01862729413835157,0.001774,0.038549,0,0,0,0,0,0,2,2,0,0,0,0,0,245.33333333333334,314.0785464391564,64.0,608.0,0.015451000000000001,0.018507812890776697,0.002364,0.028538,2,0.017806250000000003,0.01862729413835157,0.001774,0.038549,0,0,0,3,movingAroundHouse
